Class,QOF,1st,2nd ,3rd,4th ,5th ,6th ,7th ,8th ,9th ,10th ,11th ,12th ,13th  ,14th ,15th  ,16th  ,17th ,18th ,19th  ,20th  ,21st,22nd,23rd,24th,25th ,26th ,27th ,28th ,29th ,30th ,31st ,32nd ,33rd ,34th ,35th ,36th ,37th ,38th ,39th ,40th ,41st ,42nd ,43rd ,44th ,45th ,46th ,47th ,48th ,49th ,50th ,51st,52nd ,53rd ,54th ,55th ,56th ,57th ,58th ,59th ,60th ,61st ,62nd ,63rd ,64th ,65th ,66th ,67th ,68th ,69th ,70th ,71st ,72nd ,73rd ,74th ,75th ,76th ,77th ,78th ,79th ,80th ,,,,,,,,,,,,,,,,,,,,,
A,100,1250,1219,1188,1156,1125,1094,1063,1031,1000,969,938,906,875,844,813,781,750,719,688,656,625,594,563,531,500,469,438,406,375,344,313,281,250,219,188,156,125,94,63,31,0,0,0,0,0,0,0,0,0,0,0,0,0,0,0,0,0,0,0,0,0,0,0,0,0,0,0,0,0,0,0,0,0,0,0,0,0,0,0,0,,,,,,,,,,,,,,,,,,,,,
A,98,1238,1207,1176,1145,1114,1083,1052,1021,990,959,928,897,866,835,804,773,743,712,681,650,619,588,557,526,495,464,433,402,371,340,309,278,248,217,186,155,124,93,62,31,0,0,0,0,0,0,0,0,0,0,0,0,0,0,0,0,0,0,0,0,0,0,0,0,0,0,0,0,0,0,0,0,0,0,0,0,0,0,0,0,,,,,,,,,,,,,,,,,,,,,
A,96,1225,1194,1164,1133,1103,1072,1041,1011,980,949,919,888,858,827,796,766,735,704,674,643,613,582,551,521,490,459,429,398,368,337,306,276,245,214,184,153,123,92,61,31,0,0,0,0,0,0,0,0,0,0,0,0,0,0,0,0,0,0,0,0,0,0,0,0,0,0,0,0,0,0,0,0,0,0,0,0,0,0,0,0,,,,,,,,,,,,,,,,,,,,,
A,94,1213,1182,1152,1122,1091,1061,1031,1000,970,940,909,879,849,818,788,758,728,697,667,637,606,576,546,515,485,455,424,394,364,333,303,273,243,212,182,152,121,91,61,30,0,0,0,0,0,0,0,0,0,0,0,0,0,0,0,0,0,0,0,0,0,0,0,0,0,0,0,0,0,0,0,0,0,0,0,0,0,0,0,0,,,,,,,,,,,,,,,,,,,,,
A,92,1200,1170,1140,1110,1080,1050,1020,990,960,930,900,870,840,810,780,750,720,690,660,630,600,570,540,510,480,450,420,390,360,330,300,270,240,210,180,150,120,90,60,30,0,0,0,0,0,0,0,0,0,0,0,0,0,0,0,0,0,0,0,0,0,0,0,0,0,0,0,0,0,0,0,0,0,0,0,0,0,0,0,0,,,,,,,,,,,,,,,,,,,,,
A,90,1188,1158,1128,1098,1069,1039,1009,980,950,920,891,861,831,802,772,742,713,683,653,623,594,564,534,505,475,445,416,386,356,327,297,267,238,208,178,148,119,89,59,30,0,0,0,0,0,0,0,0,0,0,0,0,0,0,0,0,0,0,0,0,0,0,0,0,0,0,0,0,0,0,0,0,0,0,0,0,0,0,0,0,,,,,,,,,,,,,,,,,,,,,
A,88,1175,1146,1116,1087,1058,1028,999,969,940,911,881,852,823,793,764,734,705,676,646,617,588,558,529,499,470,441,411,382,353,323,294,264,235,206,176,147,118,88,59,29,0,0,0,0,0,0,0,0,0,0,0,0,0,0,0,0,0,0,0,0,0,0,0,0,0,0,0,0,0,0,0,0,0,0,0,0,0,0,0,0,,,,,,,,,,,,,,,,,,,,,
A,86,1163,1133,1104,1075,1046,1017,988,959,930,901,872,843,814,785,756,727,698,668,639,610,581,552,523,494,465,436,407,378,349,320,291,262,233,203,174,145,116,87,58,29,0,0,0,0,0,0,0,0,0,0,0,0,0,0,0,0,0,0,0,0,0,0,0,0,0,0,0,0,0,0,0,0,0,0,0,0,0,0,0,0,,,,,,,,,,,,,,,,,,,,,
A,84,1150,1121,1093,1064,1035,1006,978,949,920,891,863,834,805,776,748,719,690,661,633,604,575,546,518,489,460,431,403,374,345,316,288,259,230,201,173,144,115,86,58,29,0,0,0,0,0,0,0,0,0,0,0,0,0,0,0,0,0,0,0,0,0,0,0,0,0,0,0,0,0,0,0,0,0,0,0,0,0,0,0,0,,,,,,,,,,,,,,,,,,,,,
A,82,1138,1109,1081,1052,1024,995,967,938,910,882,853,825,796,768,739,711,683,654,626,597,569,540,512,483,455,427,398,370,341,313,284,256,228,199,171,142,114,85,57,28,0,0,0,0,0,0,0,0,0,0,0,0,0,0,0,0,0,0,0,0,0,0,0,0,0,0,0,0,0,0,0,0,0,0,0,0,0,0,0,0,,,,,,,,,,,,,,,,,,,,,
A,80,1125,1097,1069,1041,1013,984,956,928,900,872,844,816,788,759,731,703,675,647,619,591,563,534,506,478,450,422,394,366,338,309,281,253,225,197,169,141,113,84,56,28,0,0,0,0,0,0,0,0,0,0,0,0,0,0,0,0,0,0,0,0,0,0,0,0,0,0,0,0,0,0,0,0,0,0,0,0,0,0,0,0,,,,,,,,,,,,,,,,,,,,,
A,78,1113,1085,1057,1029,1001,973,946,918,890,862,834,807,779,751,723,695,668,640,612,584,556,528,501,473,445,417,389,362,334,306,278,250,223,195,167,139,111,83,56,28,0,0,0,0,0,0,0,0,0,0,0,0,0,0,0,0,0,0,0,0,0,0,0,0,0,0,0,0,0,0,0,0,0,0,0,0,0,0,0,0,,,,,,,,,,,,,,,,,,,,,
A,76,1100,1073,1045,1018,990,963,935,908,880,853,825,798,770,743,715,688,660,633,605,578,550,523,495,468,440,413,385,358,330,303,275,248,220,193,165,138,110,83,55,28,0,0,0,0,0,0,0,0,0,0,0,0,0,0,0,0,0,0,0,0,0,0,0,0,0,0,0,0,0,0,0,0,0,0,0,0,0,0,0,0,,,,,,,,,,,,,,,,,,,,,
A,74,1088,1060,1033,1006,979,952,924,897,870,843,816,788,761,734,707,680,653,625,598,571,544,517,489,462,435,408,381,353,326,299,272,245,218,190,163,136,109,82,54,27,0,0,0,0,0,0,0,0,0,0,0,0,0,0,0,0,0,0,0,0,0,0,0,0,0,0,0,0,0,0,0,0,0,0,0,0,0,0,0,0,,,,,,,,,,,,,,,,,,,,,
A,72,1075,1048,1021,994,968,941,914,887,860,833,806,779,753,726,699,672,645,618,591,564,538,511,484,457,430,403,376,349,323,296,269,242,215,188,161,134,108,81,54,27,0,0,0,0,0,0,0,0,0,0,0,0,0,0,0,0,0,0,0,0,0,0,0,0,0,0,0,0,0,0,0,0,0,0,0,0,0,0,0,0,,,,,,,,,,,,,,,,,,,,,
A,70,1063,1036,1009,983,956,930,903,877,850,823,797,770,744,717,691,664,638,611,584,558,531,505,478,452,425,398,372,345,319,292,266,239,213,186,159,133,106,80,53,27,0,0,0,0,0,0,0,0,0,0,0,0,0,0,0,0,0,0,0,0,0,0,0,0,0,0,0,0,0,0,0,0,0,0,0,0,0,0,0,0,,,,,,,,,,,,,,,,,,,,,
A,68,1050,1024,998,971,945,919,893,866,840,814,788,761,735,709,683,656,630,604,578,551,525,499,473,446,420,394,368,341,315,289,263,236,210,184,158,131,105,79,53,26,0,0,0,0,0,0,0,0,0,0,0,0,0,0,0,0,0,0,0,0,0,0,0,0,0,0,0,0,0,0,0,0,0,0,0,0,0,0,0,0,,,,,,,,,,,,,,,,,,,,,
A,66,1038,1012,986,960,934,908,882,856,830,804,778,752,726,700,674,648,623,597,571,545,519,493,467,441,415,389,363,337,311,285,259,233,208,182,156,130,104,78,52,26,0,0,0,0,0,0,0,0,0,0,0,0,0,0,0,0,0,0,0,0,0,0,0,0,0,0,0,0,0,0,0,0,0,0,0,0,0,0,0,0,,,,,,,,,,,,,,,,,,,,,
A,64,1025,999,974,948,923,897,871,846,820,794,769,743,718,692,666,641,615,589,564,538,513,487,461,436,410,384,359,333,308,282,256,231,205,179,154,128,103,77,51,26,0,0,0,0,0,0,0,0,0,0,0,0,0,0,0,0,0,0,0,0,0,0,0,0,0,0,0,0,0,0,0,0,0,0,0,0,0,0,0,0,,,,,,,,,,,,,,,,,,,,,
A,62,1013,987,962,937,911,886,861,835,810,785,759,734,709,683,658,633,608,582,557,532,506,481,456,430,405,380,354,329,304,278,253,228,203,177,152,127,101,76,51,25,0,0,0,0,0,0,0,0,0,0,0,0,0,0,0,0,0,0,0,0,0,0,0,0,0,0,0,0,0,0,0,0,0,0,0,0,0,0,0,0,,,,,,,,,,,,,,,,,,,,,
A,60,1000,975,950,925,900,875,850,825,800,775,750,725,700,675,650,625,600,575,550,525,500,475,450,425,400,375,350,325,300,275,250,225,200,175,150,125,100,75,50,25,0,0,0,0,0,0,0,0,0,0,0,0,0,0,0,0,0,0,0,0,0,0,0,0,0,0,0,0,0,0,0,0,0,0,0,0,0,0,0,0,,,,,,,,,,,,,,,,,,,,,
A,58,988,963,938,913,889,864,839,815,790,765,741,716,691,667,642,617,593,568,543,518,494,469,444,420,395,370,346,321,296,272,247,222,198,173,148,123,99,74,49,25,0,0,0,0,0,0,0,0,0,0,0,0,0,0,0,0,0,0,0,0,0,0,0,0,0,0,0,0,0,0,0,0,0,0,0,0,0,0,0,0,,,,,,,,,,,,,,,,,,,,,
A,56,975,951,926,902,878,853,829,804,780,756,731,707,683,658,634,609,585,561,536,512,488,463,439,414,390,366,341,317,293,268,244,219,195,171,146,122,98,73,49,24,0,0,0,0,0,0,0,0,0,0,0,0,0,0,0,0,0,0,0,0,0,0,0,0,0,0,0,0,0,0,0,0,0,0,0,0,0,0,0,0,,,,,,,,,,,,,,,,,,,,,
A,54,963,938,914,890,866,842,818,794,770,746,722,698,674,650,626,602,578,553,529,505,481,457,433,409,385,361,337,313,289,265,241,217,193,168,144,120,96,72,48,24,0,0,0,0,0,0,0,0,0,0,0,0,0,0,0,0,0,0,0,0,0,0,0,0,0,0,0,0,0,0,0,0,0,0,0,0,0,0,0,0,,,,,,,,,,,,,,,,,,,,,
A,52,950,926,903,879,855,831,808,784,760,736,713,689,665,641,618,594,570,546,523,499,475,451,428,404,380,356,333,309,285,261,238,214,190,166,143,119,95,71,48,24,0,0,0,0,0,0,0,0,0,0,0,0,0,0,0,0,0,0,0,0,0,0,0,0,0,0,0,0,0,0,0,0,0,0,0,0,0,0,0,0,,,,,,,,,,,,,,,,,,,,,
A,50,938,914,891,867,844,820,797,773,750,727,703,680,656,633,609,586,563,539,516,492,469,445,422,398,375,352,328,305,281,258,234,211,188,164,141,117,94,70,47,23,0,0,0,0,0,0,0,0,0,0,0,0,0,0,0,0,0,0,0,0,0,0,0,0,0,0,0,0,0,0,0,0,0,0,0,0,0,0,0,0,,,,,,,,,,,,,,,,,,,,,
A,48,925,902,879,856,833,809,786,763,740,717,694,671,648,624,601,578,555,532,509,486,463,439,416,393,370,347,324,301,278,254,231,208,185,162,139,116,93,69,46,23,0,0,0,0,0,0,0,0,0,0,0,0,0,0,0,0,0,0,0,0,0,0,0,0,0,0,0,0,0,0,0,0,0,0,0,0,0,0,0,0,,,,,,,,,,,,,,,,,,,,,
A,46,913,890,867,844,821,798,776,753,730,707,684,662,639,616,593,570,548,525,502,479,456,433,411,388,365,342,319,297,274,251,228,205,183,160,137,114,91,68,46,23,0,0,0,0,0,0,0,0,0,0,0,0,0,0,0,0,0,0,0,0,0,0,0,0,0,0,0,0,0,0,0,0,0,0,0,0,0,0,0,0,,,,,,,,,,,,,,,,,,,,,
A,44,900,878,855,833,810,788,765,743,720,698,675,653,630,608,585,563,540,518,495,473,450,428,405,383,360,338,315,293,270,248,225,203,180,158,135,113,90,68,45,23,0,0,0,0,0,0,0,0,0,0,0,0,0,0,0,0,0,0,0,0,0,0,0,0,0,0,0,0,0,0,0,0,0,0,0,0,0,0,0,0,,,,,,,,,,,,,,,,,,,,,
A,42,888,865,843,821,799,777,754,732,710,688,666,643,621,599,577,555,533,510,488,466,444,422,399,377,355,333,311,288,266,244,222,200,178,155,133,111,89,67,44,22,0,0,0,0,0,0,0,0,0,0,0,0,0,0,0,0,0,0,0,0,0,0,0,0,0,0,0,0,0,0,0,0,0,0,0,0,0,0,0,0,,,,,,,,,,,,,,,,,,,,,
A,40,875,853,831,809,788,766,744,722,700,678,656,634,613,591,569,547,525,503,481,459,438,416,394,372,350,328,306,284,263,241,219,197,175,153,131,109,88,66,44,22,0,0,0,0,0,0,0,0,0,0,0,0,0,0,0,0,0,0,0,0,0,0,0,0,0,0,0,0,0,0,0,0,0,0,0,0,0,0,0,0,,,,,,,,,,,,,,,,,,,,,
A,38,863,841,819,798,776,755,733,712,690,668,647,625,604,582,561,539,518,496,474,453,431,410,388,367,345,323,302,280,259,237,216,194,173,151,129,108,86,65,43,22,0,0,0,0,0,0,0,0,0,0,0,0,0,0,0,0,0,0,0,0,0,0,0,0,0,0,0,0,0,0,0,0,0,0,0,0,0,0,0,0,,,,,,,,,,,,,,,,,,,,,
A,36,850,829,808,786,765,744,723,701,680,659,638,616,595,574,553,531,510,489,468,446,425,404,383,361,340,319,298,276,255,234,213,191,170,149,128,106,85,64,43,21,0,0,0,0,0,0,0,0,0,0,0,0,0,0,0,0,0,0,0,0,0,0,0,0,0,0,0,0,0,0,0,0,0,0,0,0,0,0,0,0,,,,,,,,,,,,,,,,,,,,,
A,34,838,817,796,775,754,733,712,691,670,649,628,607,586,565,544,523,503,482,461,440,419,398,377,356,335,314,293,272,251,230,209,188,168,147,126,105,84,63,42,21,0,0,0,0,0,0,0,0,0,0,0,0,0,0,0,0,0,0,0,0,0,0,0,0,0,0,0,0,0,0,0,0,0,0,0,0,0,0,0,0,,,,,,,,,,,,,,,,,,,,,
A,32,825,804,784,763,743,722,701,681,660,639,619,598,578,557,536,516,495,474,454,433,413,392,371,351,330,309,289,268,248,227,206,186,165,144,124,103,83,62,41,21,0,0,0,0,0,0,0,0,0,0,0,0,0,0,0,0,0,0,0,0,0,0,0,0,0,0,0,0,0,0,0,0,0,0,0,0,0,0,0,0,,,,,,,,,,,,,,,,,,,,,
A,30,813,792,772,752,731,711,691,670,650,630,609,589,569,548,528,508,488,467,447,427,406,386,366,345,325,305,284,264,244,223,203,183,163,142,122,102,81,61,41,20,0,0,0,0,0,0,0,0,0,0,0,0,0,0,0,0,0,0,0,0,0,0,0,0,0,0,0,0,0,0,0,0,0,0,0,0,0,0,0,0,,,,,,,,,,,,,,,,,,,,,
A,28,800,780,760,740,720,700,680,660,640,620,600,580,560,540,520,500,480,460,440,420,400,380,360,340,320,300,280,260,240,220,200,180,160,140,120,100,80,60,40,20,0,0,0,0,0,0,0,0,0,0,0,0,0,0,0,0,0,0,0,0,0,0,0,0,0,0,0,0,0,0,0,0,0,0,0,0,0,0,0,0,,,,,,,,,,,,,,,,,,,,,
A,26,788,768,748,728,709,689,669,650,630,610,591,571,551,532,512,492,473,453,433,413,394,374,354,335,315,295,276,256,236,217,197,177,158,138,118,98,79,59,39,20,0,0,0,0,0,0,0,0,0,0,0,0,0,0,0,0,0,0,0,0,0,0,0,0,0,0,0,0,0,0,0,0,0,0,0,0,0,0,0,0,,,,,,,,,,,,,,,,,,,,,
A,24,775,756,736,717,698,678,659,639,620,601,581,562,543,523,504,484,465,446,426,407,388,368,349,329,310,291,271,252,233,213,194,174,155,136,116,97,78,58,39,19,0,0,0,0,0,0,0,0,0,0,0,0,0,0,0,0,0,0,0,0,0,0,0,0,0,0,0,0,0,0,0,0,0,0,0,0,0,0,0,0,,,,,,,,,,,,,,,,,,,,,
A,22,763,743,724,705,686,667,648,629,610,591,572,553,534,515,496,477,458,438,419,400,381,362,343,324,305,286,267,248,229,210,191,172,153,133,114,95,76,57,38,19,0,0,0,0,0,0,0,0,0,0,0,0,0,0,0,0,0,0,0,0,0,0,0,0,0,0,0,0,0,0,0,0,0,0,0,0,0,0,0,0,,,,,,,,,,,,,,,,,,,,,
A,20,750,731,713,694,675,656,638,619,600,581,563,544,525,506,488,469,450,431,413,394,375,356,338,319,300,281,263,244,225,206,188,169,150,131,113,94,75,56,38,19,0,0,0,0,0,0,0,0,0,0,0,0,0,0,0,0,0,0,0,0,0,0,0,0,0,0,0,0,0,0,0,0,0,0,0,0,0,0,0,0,,,,,,,,,,,,,,,,,,,,,
A,18,738,719,701,682,664,645,627,608,590,572,553,535,516,498,479,461,443,424,406,387,369,350,332,313,295,277,258,240,221,203,184,166,148,129,111,92,74,55,37,18,0,0,0,0,0,0,0,0,0,0,0,0,0,0,0,0,0,0,0,0,0,0,0,0,0,0,0,0,0,0,0,0,0,0,0,0,0,0,0,0,,,,,,,,,,,,,,,,,,,,,
A,16,725,707,689,671,653,634,616,598,580,562,544,526,508,489,471,453,435,417,399,381,363,344,326,308,290,272,254,236,218,199,181,163,145,127,109,91,73,54,36,18,0,0,0,0,0,0,0,0,0,0,0,0,0,0,0,0,0,0,0,0,0,0,0,0,0,0,0,0,0,0,0,0,0,0,0,0,0,0,0,0,,,,,,,,,,,,,,,,,,,,,
A,14,713,695,677,659,641,623,606,588,570,552,534,517,499,481,463,445,428,410,392,374,356,338,321,303,285,267,249,232,214,196,178,160,143,125,107,89,71,53,36,18,0,0,0,0,0,0,0,0,0,0,0,0,0,0,0,0,0,0,0,0,0,0,0,0,0,0,0,0,0,0,0,0,0,0,0,0,0,0,0,0,,,,,,,,,,,,,,,,,,,,,
A,12,700,683,665,648,630,613,595,578,560,543,525,508,490,473,455,438,420,403,385,368,350,333,315,298,280,263,245,228,210,193,175,158,140,123,105,88,70,53,35,18,0,0,0,0,0,0,0,0,0,0,0,0,0,0,0,0,0,0,0,0,0,0,0,0,0,0,0,0,0,0,0,0,0,0,0,0,0,0,0,0,,,,,,,,,,,,,,,,,,,,,
A,10,688,670,653,636,619,602,584,567,550,533,516,498,481,464,447,430,413,395,378,361,344,327,309,292,275,258,241,223,206,189,172,155,138,120,103,86,69,52,34,17,0,0,0,0,0,0,0,0,0,0,0,0,0,0,0,0,0,0,0,0,0,0,0,0,0,0,0,0,0,0,0,0,0,0,0,0,0,0,0,0,,,,,,,,,,,,,,,,,,,,,
A,8,675,658,641,624,608,591,574,557,540,523,506,489,473,456,439,422,405,388,371,354,338,321,304,287,270,253,236,219,203,186,169,152,135,118,101,84,68,51,34,17,0,0,0,0,0,0,0,0,0,0,0,0,0,0,0,0,0,0,0,0,0,0,0,0,0,0,0,0,0,0,0,0,0,0,0,0,0,0,0,0,,,,,,,,,,,,,,,,,,,,,
A,6,663,646,629,613,596,580,563,547,530,513,497,480,464,447,431,414,398,381,364,348,331,315,298,282,265,248,232,215,199,182,166,149,133,116,99,83,66,50,33,17,0,0,0,0,0,0,0,0,0,0,0,0,0,0,0,0,0,0,0,0,0,0,0,0,0,0,0,0,0,0,0,0,0,0,0,0,0,0,0,0,,,,,,,,,,,,,,,,,,,,,
A,4,650,634,618,601,585,569,553,536,520,504,488,471,455,439,423,406,390,374,358,341,325,309,293,276,260,244,228,211,195,179,163,146,130,114,98,81,65,49,33,16,0,0,0,0,0,0,0,0,0,0,0,0,0,0,0,0,0,0,0,0,0,0,0,0,0,0,0,0,0,0,0,0,0,0,0,0,0,0,0,0,,,,,,,,,,,,,,,,,,,,,
A,2,638,622,606,590,574,558,542,526,510,494,478,462,446,430,414,398,383,367,351,335,319,303,287,271,255,239,223,207,191,175,159,143,128,112,96,80,64,48,32,16,0,0,0,0,0,0,0,0,0,0,0,0,0,0,0,0,0,0,0,0,0,0,0,0,0,0,0,0,0,0,0,0,0,0,0,0,0,0,0,0,,,,,,,,,,,,,,,,,,,,,
A,0,625,609,594,578,563,547,531,516,500,484,469,453,438,422,406,391,375,359,344,328,313,297,281,266,250,234,219,203,188,172,156,141,125,109,94,78,63,47,31,16,0,0,0,0,0,0,0,0,0,0,0,0,0,0,0,0,0,0,0,0,0,0,0,0,0,0,0,0,0,0,0,0,0,0,0,0,0,0,0,0,,,,,,,,,,,,,,,,,,,,,
B,100,1000,975,950,925,900,875,850,825,800,775,750,725,700,675,650,625,600,575,550,525,500,475,450,425,400,375,350,325,300,275,250,225,200,175,150,125,100,75,50,25,0,0,0,0,0,0,0,0,0,0,0,0,0,0,0,0,0,0,0,0,0,0,0,0,0,0,0,0,0,0,0,0,0,0,0,0,0,0,0,0,,,,,,,,,,,,,,,,,,,,,0
B,98,990,965,941,916,891,866,842,817,792,767,743,718,693,668,644,619,594,569,545,520,495,470,446,421,396,371,347,322,297,272,248,223,198,173,149,124,99,74,50,25,0,0,0,0,0,0,0,0,0,0,0,0,0,0,0,0,0,0,0,0,0,0,0,0,0,0,0,0,0,0,0,0,0,0,0,0,0,0,0,0,,,,,,,,,,,,,,,,,,,,,0
B,96,980,956,931,907,882,858,833,809,784,760,735,711,686,662,637,613,588,564,539,515,490,466,441,417,392,368,343,319,294,270,245,221,196,172,147,123,98,74,49,25,0,0,0,0,0,0,0,0,0,0,0,0,0,0,0,0,0,0,0,0,0,0,0,0,0,0,0,0,0,0,0,0,0,0,0,0,0,0,0,0,,,,,,,,,,,,,,,,,,,,,0
B,94,970,946,922,897,873,849,825,800,776,752,728,703,679,655,631,606,582,558,534,509,485,461,437,412,388,364,340,315,291,267,243,218,194,170,146,121,97,73,49,24,0,0,0,0,0,0,0,0,0,0,0,0,0,0,0,0,0,0,0,0,0,0,0,0,0,0,0,0,0,0,0,0,0,0,0,0,0,0,0,0,,,,,,,,,,,,,,,,,,,,,0
B,92,960,936,912,888,864,840,816,792,768,744,720,696,672,648,624,600,576,552,528,504,480,456,432,408,384,360,336,312,288,264,240,216,192,168,144,120,96,72,48,24,0,0,0,0,0,0,0,0,0,0,0,0,0,0,0,0,0,0,0,0,0,0,0,0,0,0,0,0,0,0,0,0,0,0,0,0,0,0,0,0,,,,,,,,,,,,,,,,,,,,,0
B,90,950,926,903,879,855,831,808,784,760,736,713,689,665,641,618,594,570,546,523,499,475,451,428,404,380,356,333,309,285,261,238,214,190,166,143,119,95,71,48,24,0,0,0,0,0,0,0,0,0,0,0,0,0,0,0,0,0,0,0,0,0,0,0,0,0,0,0,0,0,0,0,0,0,0,0,0,0,0,0,0,,,,,,,,,,,,,,,,,,,,,0
B,88,940,917,893,870,846,823,799,776,752,729,705,682,658,635,611,588,564,541,517,494,470,447,423,400,376,353,329,306,282,259,235,212,188,165,141,118,94,71,47,24,0,0,0,0,0,0,0,0,0,0,0,0,0,0,0,0,0,0,0,0,0,0,0,0,0,0,0,0,0,0,0,0,0,0,0,0,0,0,0,0,,,,,,,,,,,,,,,,,,,,,0
B,86,930,907,884,860,837,814,791,767,744,721,698,674,651,628,605,581,558,535,512,488,465,442,419,395,372,349,326,302,279,256,233,209,186,163,140,116,93,70,47,23,0,0,0,0,0,0,0,0,0,0,0,0,0,0,0,0,0,0,0,0,0,0,0,0,0,0,0,0,0,0,0,0,0,0,0,0,0,0,0,0,,,,,,,,,,,,,,,,,,,,,0
B,84,920,897,874,851,828,805,782,759,736,713,690,667,644,621,598,575,552,529,506,483,460,437,414,391,368,345,322,299,276,253,230,207,184,161,138,115,92,69,46,23,0,0,0,0,0,0,0,0,0,0,0,0,0,0,0,0,0,0,0,0,0,0,0,0,0,0,0,0,0,0,0,0,0,0,0,0,0,0,0,0,,,,,,,,,,,,,,,,,,,,,0
B,82,910,887,865,842,819,796,774,751,728,705,683,660,637,614,592,569,546,523,501,478,455,432,410,387,364,341,319,296,273,250,228,205,182,159,137,114,91,68,46,23,0,0,0,0,0,0,0,0,0,0,0,0,0,0,0,0,0,0,0,0,0,0,0,0,0,0,0,0,0,0,0,0,0,0,0,0,0,0,0,0,,,,,,,,,,,,,,,,,,,,,0
B,80,900,878,855,833,810,788,765,743,720,698,675,653,630,608,585,563,540,518,495,473,450,428,405,383,360,338,315,293,270,248,225,203,180,158,135,113,90,68,45,23,0,0,0,0,0,0,0,0,0,0,0,0,0,0,0,0,0,0,0,0,0,0,0,0,0,0,0,0,0,0,0,0,0,0,0,0,0,0,0,0,,,,,,,,,,,,,,,,,,,,,0
B,78,890,868,846,823,801,779,757,734,712,690,668,645,623,601,579,556,534,512,490,467,445,423,401,378,356,334,312,289,267,245,223,200,178,156,134,111,89,67,45,22,0,0,0,0,0,0,0,0,0,0,0,0,0,0,0,0,0,0,0,0,0,0,0,0,0,0,0,0,0,0,0,0,0,0,0,0,0,0,0,0,,,,,,,,,,,,,,,,,,,,,0
B,76,880,858,836,814,792,770,748,726,704,682,660,638,616,594,572,550,528,506,484,462,440,418,396,374,352,330,308,286,264,242,220,198,176,154,132,110,88,66,44,22,0,0,0,0,0,0,0,0,0,0,0,0,0,0,0,0,0,0,0,0,0,0,0,0,0,0,0,0,0,0,0,0,0,0,0,0,0,0,0,0,,,,,,,,,,,,,,,,,,,,,0
B,74,870,848,827,805,783,761,740,718,696,674,653,631,609,587,566,544,522,500,479,457,435,413,392,370,348,326,305,283,261,239,218,196,174,152,131,109,87,65,44,22,0,0,0,0,0,0,0,0,0,0,0,0,0,0,0,0,0,0,0,0,0,0,0,0,0,0,0,0,0,0,0,0,0,0,0,0,0,0,0,0,,,,,,,,,,,,,,,,,,,,,0
B,72,860,839,817,796,774,753,731,710,688,667,645,624,602,581,559,538,516,495,473,452,430,409,387,366,344,323,301,280,258,237,215,194,172,151,129,108,86,65,43,22,0,0,0,0,0,0,0,0,0,0,0,0,0,0,0,0,0,0,0,0,0,0,0,0,0,0,0,0,0,0,0,0,0,0,0,0,0,0,0,0,,,,,,,,,,,,,,,,,,,,,0
B,70,850,829,808,786,765,744,723,701,680,659,638,616,595,574,553,531,510,489,468,446,425,404,383,361,340,319,298,276,255,234,213,191,170,149,128,106,85,64,43,21,0,0,0,0,0,0,0,0,0,0,0,0,0,0,0,0,0,0,0,0,0,0,0,0,0,0,0,0,0,0,0,0,0,0,0,0,0,0,0,0,,,,,,,,,,,,,,,,,,,,,0
B,68,840,819,798,777,756,735,714,693,672,651,630,609,588,567,546,525,504,483,462,441,420,399,378,357,336,315,294,273,252,231,210,189,168,147,126,105,84,63,42,21,0,0,0,0,0,0,0,0,0,0,0,0,0,0,0,0,0,0,0,0,0,0,0,0,0,0,0,0,0,0,0,0,0,0,0,0,0,0,0,0,,,,,,,,,,,,,,,,,,,,,0
B,66,830,809,789,768,747,726,706,685,664,643,623,602,581,560,540,519,498,477,457,436,415,394,374,353,332,311,291,270,249,228,208,187,166,145,125,104,83,62,42,21,0,0,0,0,0,0,0,0,0,0,0,0,0,0,0,0,0,0,0,0,0,0,0,0,0,0,0,0,0,0,0,0,0,0,0,0,0,0,0,0,,,,,,,,,,,,,,,,,,,,,0
B,64,820,800,779,759,738,718,697,677,656,636,615,595,574,554,533,513,492,472,451,431,410,390,369,349,328,308,287,267,246,226,205,185,164,144,123,103,82,62,41,21,0,0,0,0,0,0,0,0,0,0,0,0,0,0,0,0,0,0,0,0,0,0,0,0,0,0,0,0,0,0,0,0,0,0,0,0,0,0,0,0,,,,,,,,,,,,,,,,,,,,,0
B,62,810,790,770,749,729,709,689,668,648,628,608,587,567,547,527,506,486,466,446,425,405,385,365,344,324,304,284,263,243,223,203,182,162,142,122,101,81,61,41,20,0,0,0,0,0,0,0,0,0,0,0,0,0,0,0,0,0,0,0,0,0,0,0,0,0,0,0,0,0,0,0,0,0,0,0,0,0,0,0,0,,,,,,,,,,,,,,,,,,,,,0
B,60,800,780,760,740,720,700,680,660,640,620,600,580,560,540,520,500,480,460,440,420,400,380,360,340,320,300,280,260,240,220,200,180,160,140,120,100,80,60,40,20,0,0,0,0,0,0,0,0,0,0,0,0,0,0,0,0,0,0,0,0,0,0,0,0,0,0,0,0,0,0,0,0,0,0,0,0,0,0,0,0,,,,,,,,,,,,,,,,,,,,,0
B,58,790,770,751,731,711,691,672,652,632,612,593,573,553,533,514,494,474,454,435,415,395,375,356,336,316,296,277,257,237,217,198,178,158,138,119,99,79,59,40,20,0,0,0,0,0,0,0,0,0,0,0,0,0,0,0,0,0,0,0,0,0,0,0,0,0,0,0,0,0,0,0,0,0,0,0,0,0,0,0,0,,,,,,,,,,,,,,,,,,,,,0
B,56,780,761,741,722,702,683,663,644,624,605,585,566,546,527,507,488,468,449,429,410,390,371,351,332,312,293,273,254,234,215,195,176,156,137,117,98,78,59,39,20,0,0,0,0,0,0,0,0,0,0,0,0,0,0,0,0,0,0,0,0,0,0,0,0,0,0,0,0,0,0,0,0,0,0,0,0,0,0,0,0,,,,,,,,,,,,,,,,,,,,,0
B,54,770,751,732,712,693,674,655,635,616,597,578,558,539,520,501,481,462,443,424,404,385,366,347,327,308,289,270,250,231,212,193,173,154,135,116,96,77,58,39,19,0,0,0,0,0,0,0,0,0,0,0,0,0,0,0,0,0,0,0,0,0,0,0,0,0,0,0,0,0,0,0,0,0,0,0,0,0,0,0,0,,,,,,,,,,,,,,,,,,,,,0
B,52,760,741,722,703,684,665,646,627,608,589,570,551,532,513,494,475,456,437,418,399,380,361,342,323,304,285,266,247,228,209,190,171,152,133,114,95,76,57,38,19,0,0,0,0,0,0,0,0,0,0,0,0,0,0,0,0,0,0,0,0,0,0,0,0,0,0,0,0,0,0,0,0,0,0,0,0,0,0,0,0,,,,,,,,,,,,,,,,,,,,,0
B,50,750,731,713,694,675,656,638,619,600,581,563,544,525,506,488,469,450,431,413,394,375,356,338,319,300,281,263,244,225,206,188,169,150,131,113,94,75,56,38,19,0,0,0,0,0,0,0,0,0,0,0,0,0,0,0,0,0,0,0,0,0,0,0,0,0,0,0,0,0,0,0,0,0,0,0,0,0,0,0,0,,,,,,,,,,,,,,,,,,,,,0
B,48,740,722,703,685,666,648,629,611,592,574,555,537,518,500,481,463,444,426,407,389,370,352,333,315,296,278,259,241,222,204,185,167,148,130,111,93,74,56,37,19,0,0,0,0,0,0,0,0,0,0,0,0,0,0,0,0,0,0,0,0,0,0,0,0,0,0,0,0,0,0,0,0,0,0,0,0,0,0,0,0,,,,,,,,,,,,,,,,,,,,,0
B,46,730,712,694,675,657,639,621,602,584,566,548,529,511,493,475,456,438,420,402,383,365,347,329,310,292,274,256,237,219,201,183,164,146,128,110,91,73,55,37,18,0,0,0,0,0,0,0,0,0,0,0,0,0,0,0,0,0,0,0,0,0,0,0,0,0,0,0,0,0,0,0,0,0,0,0,0,0,0,0,0,,,,,,,,,,,,,,,,,,,,,0
B,44,720,702,684,666,648,630,612,594,576,558,540,522,504,486,468,450,432,414,396,378,360,342,324,306,288,270,252,234,216,198,180,162,144,126,108,90,72,54,36,18,0,0,0,0,0,0,0,0,0,0,0,0,0,0,0,0,0,0,0,0,0,0,0,0,0,0,0,0,0,0,0,0,0,0,0,0,0,0,0,0,,,,,,,,,,,,,,,,,,,,,0
B,42,710,692,675,657,639,621,604,586,568,550,533,515,497,479,462,444,426,408,391,373,355,337,320,302,284,266,249,231,213,195,178,160,142,124,107,89,71,53,36,18,0,0,0,0,0,0,0,0,0,0,0,0,0,0,0,0,0,0,0,0,0,0,0,0,0,0,0,0,0,0,0,0,0,0,0,0,0,0,0,0,,,,,,,,,,,,,,,,,,,,,0
B,40,700,683,665,648,630,613,595,578,560,543,525,508,490,473,455,438,420,403,385,368,350,333,315,298,280,263,245,228,210,193,175,158,140,123,105,88,70,53,35,18,0,0,0,0,0,0,0,0,0,0,0,0,0,0,0,0,0,0,0,0,0,0,0,0,0,0,0,0,0,0,0,0,0,0,0,0,0,0,0,0,,,,,,,,,,,,,,,,,,,,,0
B,38,690,673,656,638,621,604,587,569,552,535,518,500,483,466,449,431,414,397,380,362,345,328,311,293,276,259,242,224,207,190,173,155,138,121,104,86,69,52,35,17,0,0,0,0,0,0,0,0,0,0,0,0,0,0,0,0,0,0,0,0,0,0,0,0,0,0,0,0,0,0,0,0,0,0,0,0,0,0,0,0,,,,,,,,,,,,,,,,,,,,,0
B,36,680,663,646,629,612,595,578,561,544,527,510,493,476,459,442,425,408,391,374,357,340,323,306,289,272,255,238,221,204,187,170,153,136,119,102,85,68,51,34,17,0,0,0,0,0,0,0,0,0,0,0,0,0,0,0,0,0,0,0,0,0,0,0,0,0,0,0,0,0,0,0,0,0,0,0,0,0,0,0,0,,,,,,,,,,,,,,,,,,,,,0
B,34,670,653,637,620,603,586,570,553,536,519,503,486,469,452,436,419,402,385,369,352,335,318,302,285,268,251,235,218,201,184,168,151,134,117,101,84,67,50,34,17,0,0,0,0,0,0,0,0,0,0,0,0,0,0,0,0,0,0,0,0,0,0,0,0,0,0,0,0,0,0,0,0,0,0,0,0,0,0,0,0,,,,,,,,,,,,,,,,,,,,,0
B,32,660,644,627,611,594,578,561,545,528,512,495,479,462,446,429,413,396,380,363,347,330,314,297,281,264,248,231,215,198,182,165,149,132,116,99,83,66,50,33,17,0,0,0,0,0,0,0,0,0,0,0,0,0,0,0,0,0,0,0,0,0,0,0,0,0,0,0,0,0,0,0,0,0,0,0,0,0,0,0,0,,,,,,,,,,,,,,,,,,,,,0
B,30,650,634,618,601,585,569,553,536,520,504,488,471,455,439,423,406,390,374,358,341,325,309,293,276,260,244,228,211,195,179,163,146,130,114,98,81,65,49,33,16,0,0,0,0,0,0,0,0,0,0,0,0,0,0,0,0,0,0,0,0,0,0,0,0,0,0,0,0,0,0,0,0,0,0,0,0,0,0,0,0,,,,,,,,,,,,,,,,,,,,,0
B,28,640,624,608,592,576,560,544,528,512,496,480,464,448,432,416,400,384,368,352,336,320,304,288,272,256,240,224,208,192,176,160,144,128,112,96,80,64,48,32,16,0,0,0,0,0,0,0,0,0,0,0,0,0,0,0,0,0,0,0,0,0,0,0,0,0,0,0,0,0,0,0,0,0,0,0,0,0,0,0,0,,,,,,,,,,,,,,,,,,,,,0
B,26,630,614,599,583,567,551,536,520,504,488,473,457,441,425,410,394,378,362,347,331,315,299,284,268,252,236,221,205,189,173,158,142,126,110,95,79,63,47,32,16,0,0,0,0,0,0,0,0,0,0,0,0,0,0,0,0,0,0,0,0,0,0,0,0,0,0,0,0,0,0,0,0,0,0,0,0,0,0,0,0,,,,,,,,,,,,,,,,,,,,,0
B,24,620,605,589,574,558,543,527,512,496,481,465,450,434,419,403,388,372,357,341,326,310,295,279,264,248,233,217,202,186,171,155,140,124,109,93,78,62,47,31,16,0,0,0,0,0,0,0,0,0,0,0,0,0,0,0,0,0,0,0,0,0,0,0,0,0,0,0,0,0,0,0,0,0,0,0,0,0,0,0,0,,,,,,,,,,,,,,,,,,,,,0
B,22,610,595,580,564,549,534,519,503,488,473,458,442,427,412,397,381,366,351,336,320,305,290,275,259,244,229,214,198,183,168,153,137,122,107,92,76,61,46,31,15,0,0,0,0,0,0,0,0,0,0,0,0,0,0,0,0,0,0,0,0,0,0,0,0,0,0,0,0,0,0,0,0,0,0,0,0,0,0,0,0,,,,,,,,,,,,,,,,,,,,,0
B,20,600,585,570,555,540,525,510,495,480,465,450,435,420,405,390,375,360,345,330,315,300,285,270,255,240,225,210,195,180,165,150,135,120,105,90,75,60,45,30,15,0,0,0,0,0,0,0,0,0,0,0,0,0,0,0,0,0,0,0,0,0,0,0,0,0,0,0,0,0,0,0,0,0,0,0,0,0,0,0,0,,,,,,,,,,,,,,,,,,,,,0
B,18,590,575,561,546,531,516,502,487,472,457,443,428,413,398,384,369,354,339,325,310,295,280,266,251,236,221,207,192,177,162,148,133,118,103,89,74,59,44,30,15,0,0,0,0,0,0,0,0,0,0,0,0,0,0,0,0,0,0,0,0,0,0,0,0,0,0,0,0,0,0,0,0,0,0,0,0,0,0,0,0,,,,,,,,,,,,,,,,,,,,,0
B,16,580,566,551,537,522,508,493,479,464,450,435,421,406,392,377,363,348,334,319,305,290,276,261,247,232,218,203,189,174,160,145,131,116,102,87,73,58,44,29,15,0,0,0,0,0,0,0,0,0,0,0,0,0,0,0,0,0,0,0,0,0,0,0,0,0,0,0,0,0,0,0,0,0,0,0,0,0,0,0,0,,,,,,,,,,,,,,,,,,,,,0
B,14,570,556,542,527,513,499,485,470,456,442,428,413,399,385,371,356,342,328,314,299,285,271,257,242,228,214,200,185,171,157,143,128,114,100,86,71,57,43,29,14,0,0,0,0,0,0,0,0,0,0,0,0,0,0,0,0,0,0,0,0,0,0,0,0,0,0,0,0,0,0,0,0,0,0,0,0,0,0,0,0,,,,,,,,,,,,,,,,,,,,,0
B,12,560,546,532,518,504,490,476,462,448,434,420,406,392,378,364,350,336,322,308,294,280,266,252,238,224,210,196,182,168,154,140,126,112,98,84,70,56,42,28,14,0,0,0,0,0,0,0,0,0,0,0,0,0,0,0,0,0,0,0,0,0,0,0,0,0,0,0,0,0,0,0,0,0,0,0,0,0,0,0,0,,,,,,,,,,,,,,,,,,,,,0
B,10,550,536,523,509,495,481,468,454,440,426,413,399,385,371,358,344,330,316,303,289,275,261,248,234,220,206,193,179,165,151,138,124,110,96,83,69,55,41,28,14,0,0,0,0,0,0,0,0,0,0,0,0,0,0,0,0,0,0,0,0,0,0,0,0,0,0,0,0,0,0,0,0,0,0,0,0,0,0,0,0,,,,,,,,,,,,,,,,,,,,,0
B,8,540,527,513,500,486,473,459,446,432,419,405,392,378,365,351,338,324,311,297,284,270,257,243,230,216,203,189,176,162,149,135,122,108,95,81,68,54,41,27,14,0,0,0,0,0,0,0,0,0,0,0,0,0,0,0,0,0,0,0,0,0,0,0,0,0,0,0,0,0,0,0,0,0,0,0,0,0,0,0,0,,,,,,,,,,,,,,,,,,,,,0
B,6,530,517,504,490,477,464,451,437,424,411,398,384,371,358,345,331,318,305,292,278,265,252,239,225,212,199,186,172,159,146,133,119,106,93,80,66,53,40,27,13,0,0,0,0,0,0,0,0,0,0,0,0,0,0,0,0,0,0,0,0,0,0,0,0,0,0,0,0,0,0,0,0,0,0,0,0,0,0,0,0,,,,,,,,,,,,,,,,,,,,,0
B,4,520,507,494,481,468,455,442,429,416,403,390,377,364,351,338,325,312,299,286,273,260,247,234,221,208,195,182,169,156,143,130,117,104,91,78,65,52,39,26,13,0,0,0,0,0,0,0,0,0,0,0,0,0,0,0,0,0,0,0,0,0,0,0,0,0,0,0,0,0,0,0,0,0,0,0,0,0,0,0,0,,,,,,,,,,,,,,,,,,,,,0
B,2,510,497,485,472,459,446,434,421,408,395,383,370,357,344,332,319,306,293,281,268,255,242,230,217,204,191,179,166,153,140,128,115,102,89,77,64,51,38,26,13,0,0,0,0,0,0,0,0,0,0,0,0,0,0,0,0,0,0,0,0,0,0,0,0,0,0,0,0,0,0,0,0,0,0,0,0,0,0,0,0,,,,,,,,,,,,,,,,,,,,,0
B,0,500,488,475,463,450,438,425,413,400,388,375,363,350,338,325,313,300,288,275,263,250,238,225,213,200,188,175,163,150,138,125,113,100,88,75,63,50,38,25,13,0,0,0,0,0,0,0,0,0,0,0,0,0,0,0,0,0,0,0,0,0,0,0,0,0,0,0,0,0,0,0,0,0,0,0,0,0,0,0,0,,,,,,,,,,,,,,,,,,,,,0
C,100,750,731,713,694,675,656,638,619,600,581,563,544,525,506,488,469,450,431,413,394,375,356,338,319,300,281,263,244,225,206,188,169,150,131,113,94,75,56,38,19,0,0,0,0,0,0,0,0,0,0,0,0,0,0,0,0,0,0,0,0,0,0,0,0,0,0,0,0,0,0,0,0,0,0,0,0,0,0,0,0,,,,,,,,,,,,,,,,,,,,,
C,98,743,724,705,687,668,650,631,613,594,575,557,538,520,501,483,464,446,427,408,390,371,353,334,316,297,278,260,241,223,204,186,167,149,130,111,93,74,56,37,19,0,0,0,0,0,0,0,0,0,0,0,0,0,0,0,0,0,0,0,0,0,0,0,0,0,0,0,0,0,0,0,0,0,0,0,0,0,0,0,0,,,,,,,,,,,,,,,,,,,,,
C,96,735,717,698,680,662,643,625,606,588,570,551,533,515,496,478,459,441,423,404,386,368,349,331,312,294,276,257,239,221,202,184,165,147,129,110,92,74,55,37,18,0,0,0,0,0,0,0,0,0,0,0,0,0,0,0,0,0,0,0,0,0,0,0,0,0,0,0,0,0,0,0,0,0,0,0,0,0,0,0,0,,,,,,,,,,,,,,,,,,,,,
C,94,728,709,691,673,655,637,618,600,582,564,546,527,509,491,473,455,437,418,400,382,364,346,327,309,291,273,255,236,218,200,182,164,146,127,109,91,73,55,36,18,0,0,0,0,0,0,0,0,0,0,0,0,0,0,0,0,0,0,0,0,0,0,0,0,0,0,0,0,0,0,0,0,0,0,0,0,0,0,0,0,,,,,,,,,,,,,,,,,,,,,
C,92,720,702,684,666,648,630,612,594,576,558,540,522,504,486,468,450,432,414,396,378,360,342,324,306,288,270,252,234,216,198,180,162,144,126,108,90,72,54,36,18,0,0,0,0,0,0,0,0,0,0,0,0,0,0,0,0,0,0,0,0,0,0,0,0,0,0,0,0,0,0,0,0,0,0,0,0,0,0,0,0,,,,,,,,,,,,,,,,,,,,,
C,90,713,695,677,659,641,623,606,588,570,552,534,517,499,481,463,445,428,410,392,374,356,338,321,303,285,267,249,232,214,196,178,160,143,125,107,89,71,53,36,18,0,0,0,0,0,0,0,0,0,0,0,0,0,0,0,0,0,0,0,0,0,0,0,0,0,0,0,0,0,0,0,0,0,0,0,0,0,0,0,0,,,,,,,,,,,,,,,,,,,,,
C,88,705,687,670,652,635,617,599,582,564,546,529,511,494,476,458,441,423,405,388,370,353,335,317,300,282,264,247,229,212,194,176,159,141,123,106,88,71,53,35,18,0,0,0,0,0,0,0,0,0,0,0,0,0,0,0,0,0,0,0,0,0,0,0,0,0,0,0,0,0,0,0,0,0,0,0,0,0,0,0,0,,,,,,,,,,,,,,,,,,,,,
C,86,698,680,663,645,628,610,593,575,558,541,523,506,488,471,453,436,419,401,384,366,349,331,314,296,279,262,244,227,209,192,174,157,140,122,105,87,70,52,35,17,0,0,0,0,0,0,0,0,0,0,0,0,0,0,0,0,0,0,0,0,0,0,0,0,0,0,0,0,0,0,0,0,0,0,0,0,0,0,0,0,,,,,,,,,,,,,,,,,,,,,
C,84,690,673,656,638,621,604,587,569,552,535,518,500,483,466,449,431,414,397,380,362,345,328,311,293,276,259,242,224,207,190,173,155,138,121,104,86,69,52,35,17,0,0,0,0,0,0,0,0,0,0,0,0,0,0,0,0,0,0,0,0,0,0,0,0,0,0,0,0,0,0,0,0,0,0,0,0,0,0,0,0,,,,,,,,,,,,,,,,,,,,,
C,82,683,665,648,631,614,597,580,563,546,529,512,495,478,461,444,427,410,392,375,358,341,324,307,290,273,256,239,222,205,188,171,154,137,119,102,85,68,51,34,17,0,0,0,0,0,0,0,0,0,0,0,0,0,0,0,0,0,0,0,0,0,0,0,0,0,0,0,0,0,0,0,0,0,0,0,0,0,0,0,0,,,,,,,,,,,,,,,,,,,,,
C,80,675,658,641,624,608,591,574,557,540,523,506,489,473,456,439,422,405,388,371,354,338,321,304,287,270,253,236,219,203,186,169,152,135,118,101,84,68,51,34,17,0,0,0,0,0,0,0,0,0,0,0,0,0,0,0,0,0,0,0,0,0,0,0,0,0,0,0,0,0,0,0,0,0,0,0,0,0,0,0,0,,,,,,,,,,,,,,,,,,,,,
C,78,668,651,634,617,601,584,567,551,534,517,501,484,467,451,434,417,401,384,367,350,334,317,300,284,267,250,234,217,200,184,167,150,134,117,100,83,67,50,33,17,0,0,0,0,0,0,0,0,0,0,0,0,0,0,0,0,0,0,0,0,0,0,0,0,0,0,0,0,0,0,0,0,0,0,0,0,0,0,0,0,,,,,,,,,,,,,,,,,,,,,
C,76,660,644,627,611,594,578,561,545,528,512,495,479,462,446,429,413,396,380,363,347,330,314,297,281,264,248,231,215,198,182,165,149,132,116,99,83,66,50,33,17,0,0,0,0,0,0,0,0,0,0,0,0,0,0,0,0,0,0,0,0,0,0,0,0,0,0,0,0,0,0,0,0,0,0,0,0,0,0,0,0,,,,,,,,,,,,,,,,,,,,,
C,74,653,636,620,604,587,571,555,538,522,506,489,473,457,440,424,408,392,375,359,343,326,310,294,277,261,245,228,212,196,179,163,147,131,114,98,82,65,49,33,16,0,0,0,0,0,0,0,0,0,0,0,0,0,0,0,0,0,0,0,0,0,0,0,0,0,0,0,0,0,0,0,0,0,0,0,0,0,0,0,0,,,,,,,,,,,,,,,,,,,,,
C,72,645,629,613,597,581,564,548,532,516,500,484,468,452,435,419,403,387,371,355,339,323,306,290,274,258,242,226,210,194,177,161,145,129,113,97,81,65,48,32,16,0,0,0,0,0,0,0,0,0,0,0,0,0,0,0,0,0,0,0,0,0,0,0,0,0,0,0,0,0,0,0,0,0,0,0,0,0,0,0,0,,,,,,,,,,,,,,,,,,,,,
C,70,638,622,606,590,574,558,542,526,510,494,478,462,446,430,414,398,383,367,351,335,319,303,287,271,255,239,223,207,191,175,159,143,128,112,96,80,64,48,32,16,0,0,0,0,0,0,0,0,0,0,0,0,0,0,0,0,0,0,0,0,0,0,0,0,0,0,0,0,0,0,0,0,0,0,0,0,0,0,0,0,,,,,,,,,,,,,,,,,,,,,
C,68,630,614,599,583,567,551,536,520,504,488,473,457,441,425,410,394,378,362,347,331,315,299,284,268,252,236,221,205,189,173,158,142,126,110,95,79,63,47,32,16,0,0,0,0,0,0,0,0,0,0,0,0,0,0,0,0,0,0,0,0,0,0,0,0,0,0,0,0,0,0,0,0,0,0,0,0,0,0,0,0,,,,,,,,,,,,,,,,,,,,,
C,66,623,607,591,576,560,545,529,514,498,482,467,451,436,420,405,389,374,358,342,327,311,296,280,265,249,233,218,202,187,171,156,140,125,109,93,78,62,47,31,16,0,0,0,0,0,0,0,0,0,0,0,0,0,0,0,0,0,0,0,0,0,0,0,0,0,0,0,0,0,0,0,0,0,0,0,0,0,0,0,0,,,,,,,,,,,,,,,,,,,,,
C,64,615,600,584,569,554,538,523,507,492,477,461,446,431,415,400,384,369,354,338,323,308,292,277,261,246,231,215,200,185,169,154,138,123,108,92,77,62,46,31,15,0,0,0,0,0,0,0,0,0,0,0,0,0,0,0,0,0,0,0,0,0,0,0,0,0,0,0,0,0,0,0,0,0,0,0,0,0,0,0,0,,,,,,,,,,,,,,,,,,,,,
C,62,608,592,577,562,547,532,516,501,486,471,456,440,425,410,395,380,365,349,334,319,304,289,273,258,243,228,213,197,182,167,152,137,122,106,91,76,61,46,30,15,0,0,0,0,0,0,0,0,0,0,0,0,0,0,0,0,0,0,0,0,0,0,0,0,0,0,0,0,0,0,0,0,0,0,0,0,0,0,0,0,,,,,,,,,,,,,,,,,,,,,
C,60,600,585,570,555,540,525,510,495,480,465,450,435,420,405,390,375,360,345,330,315,300,285,270,255,240,225,210,195,180,165,150,135,120,105,90,75,60,45,30,15,0,0,0,0,0,0,0,0,0,0,0,0,0,0,0,0,0,0,0,0,0,0,0,0,0,0,0,0,0,0,0,0,0,0,0,0,0,0,0,0,,,,,,,,,,,,,,,,,,,,,
C,58,593,578,563,548,533,518,504,489,474,459,444,430,415,400,385,370,356,341,326,311,296,281,267,252,237,222,207,193,178,163,148,133,119,104,89,74,59,44,30,15,0,0,0,0,0,0,0,0,0,0,0,0,0,0,0,0,0,0,0,0,0,0,0,0,0,0,0,0,0,0,0,0,0,0,0,0,0,0,0,0,,,,,,,,,,,,,,,,,,,,,
C,56,585,570,556,541,527,512,497,483,468,453,439,424,410,395,380,366,351,336,322,307,293,278,263,249,234,219,205,190,176,161,146,132,117,102,88,73,59,44,29,15,0,0,0,0,0,0,0,0,0,0,0,0,0,0,0,0,0,0,0,0,0,0,0,0,0,0,0,0,0,0,0,0,0,0,0,0,0,0,0,0,,,,,,,,,,,,,,,,,,,,,
C,54,578,563,549,534,520,505,491,476,462,448,433,419,404,390,375,361,347,332,318,303,289,274,260,245,231,217,202,188,173,159,144,130,116,101,87,72,58,43,29,14,0,0,0,0,0,0,0,0,0,0,0,0,0,0,0,0,0,0,0,0,0,0,0,0,0,0,0,0,0,0,0,0,0,0,0,0,0,0,0,0,,,,,,,,,,,,,,,,,,,,,
C,52,570,556,542,527,513,499,485,470,456,442,428,413,399,385,371,356,342,328,314,299,285,271,257,242,228,214,200,185,171,157,143,128,114,100,86,71,57,43,29,14,0,0,0,0,0,0,0,0,0,0,0,0,0,0,0,0,0,0,0,0,0,0,0,0,0,0,0,0,0,0,0,0,0,0,0,0,0,0,0,0,,,,,,,,,,,,,,,,,,,,,
C,50,563,548,534,520,506,492,478,464,450,436,422,408,394,380,366,352,338,323,309,295,281,267,253,239,225,211,197,183,169,155,141,127,113,98,84,70,56,42,28,14,0,0,0,0,0,0,0,0,0,0,0,0,0,0,0,0,0,0,0,0,0,0,0,0,0,0,0,0,0,0,0,0,0,0,0,0,0,0,0,0,,,,,,,,,,,,,,,,,,,,,
C,48,555,541,527,513,500,486,472,458,444,430,416,402,389,375,361,347,333,319,305,291,278,264,250,236,222,208,194,180,167,153,139,125,111,97,83,69,56,42,28,14,0,0,0,0,0,0,0,0,0,0,0,0,0,0,0,0,0,0,0,0,0,0,0,0,0,0,0,0,0,0,0,0,0,0,0,0,0,0,0,0,,,,,,,,,,,,,,,,,,,,,
C,46,548,534,520,506,493,479,465,452,438,424,411,397,383,370,356,342,329,315,301,287,274,260,246,233,219,205,192,178,164,151,137,123,110,96,82,68,55,41,27,14,0,0,0,0,0,0,0,0,0,0,0,0,0,0,0,0,0,0,0,0,0,0,0,0,0,0,0,0,0,0,0,0,0,0,0,0,0,0,0,0,,,,,,,,,,,,,,,,,,,,,
C,44,540,527,513,500,486,473,459,446,432,419,405,392,378,365,351,338,324,311,297,284,270,257,243,230,216,203,189,176,162,149,135,122,108,95,81,68,54,41,27,14,0,0,0,0,0,0,0,0,0,0,0,0,0,0,0,0,0,0,0,0,0,0,0,0,0,0,0,0,0,0,0,0,0,0,0,0,0,0,0,0,,,,,,,,,,,,,,,,,,,,,
C,42,533,519,506,493,479,466,453,439,426,413,399,386,373,359,346,333,320,306,293,280,266,253,240,226,213,200,186,173,160,146,133,120,107,93,80,67,53,40,27,13,0,0,0,0,0,0,0,0,0,0,0,0,0,0,0,0,0,0,0,0,0,0,0,0,0,0,0,0,0,0,0,0,0,0,0,0,0,0,0,0,,,,,,,,,,,,,,,,,,,,,
C,40,525,512,499,486,473,459,446,433,420,407,394,381,368,354,341,328,315,302,289,276,263,249,236,223,210,197,184,171,158,144,131,118,105,92,79,66,53,39,26,13,0,0,0,0,0,0,0,0,0,0,0,0,0,0,0,0,0,0,0,0,0,0,0,0,0,0,0,0,0,0,0,0,0,0,0,0,0,0,0,0,,,,,,,,,,,,,,,,,,,,,
C,38,518,505,492,479,466,453,440,427,414,401,388,375,362,349,336,323,311,298,285,272,259,246,233,220,207,194,181,168,155,142,129,116,104,91,78,65,52,39,26,13,0,0,0,0,0,0,0,0,0,0,0,0,0,0,0,0,0,0,0,0,0,0,0,0,0,0,0,0,0,0,0,0,0,0,0,0,0,0,0,0,,,,,,,,,,,,,,,,,,,,,
C,36,510,497,485,472,459,446,434,421,408,395,383,370,357,344,332,319,306,293,281,268,255,242,230,217,204,191,179,166,153,140,128,115,102,89,77,64,51,38,26,13,0,0,0,0,0,0,0,0,0,0,0,0,0,0,0,0,0,0,0,0,0,0,0,0,0,0,0,0,0,0,0,0,0,0,0,0,0,0,0,0,,,,,,,,,,,,,,,,,,,,,
C,34,503,490,477,465,452,440,427,415,402,389,377,364,352,339,327,314,302,289,276,264,251,239,226,214,201,188,176,163,151,138,126,113,101,88,75,63,50,38,25,13,0,0,0,0,0,0,0,0,0,0,0,0,0,0,0,0,0,0,0,0,0,0,0,0,0,0,0,0,0,0,0,0,0,0,0,0,0,0,0,0,,,,,,,,,,,,,,,,,,,,,
C,32,495,483,470,458,446,433,421,408,396,384,371,359,347,334,322,309,297,285,272,260,248,235,223,210,198,186,173,161,149,136,124,111,99,87,74,62,50,37,25,12,0,0,0,0,0,0,0,0,0,0,0,0,0,0,0,0,0,0,0,0,0,0,0,0,0,0,0,0,0,0,0,0,0,0,0,0,0,0,0,0,,,,,,,,,,,,,,,,,,,,,
C,30,488,475,463,451,439,427,414,402,390,378,366,353,341,329,317,305,293,280,268,256,244,232,219,207,195,183,171,158,146,134,122,110,98,85,73,61,49,37,24,12,0,0,0,0,0,0,0,0,0,0,0,0,0,0,0,0,0,0,0,0,0,0,0,0,0,0,0,0,0,0,0,0,0,0,0,0,0,0,0,0,,,,,,,,,,,,,,,,,,,,,
C,28,480,468,456,444,432,420,408,396,384,372,360,348,336,324,312,300,288,276,264,252,240,228,216,204,192,180,168,156,144,132,120,108,96,84,72,60,48,36,24,12,0,0,0,0,0,0,0,0,0,0,0,0,0,0,0,0,0,0,0,0,0,0,0,0,0,0,0,0,0,0,0,0,0,0,0,0,0,0,0,0,,,,,,,,,,,,,,,,,,,,,
C,26,473,461,449,437,425,413,402,390,378,366,354,343,331,319,307,295,284,272,260,248,236,224,213,201,189,177,165,154,142,130,118,106,95,83,71,59,47,35,24,12,0,0,0,0,0,0,0,0,0,0,0,0,0,0,0,0,0,0,0,0,0,0,0,0,0,0,0,0,0,0,0,0,0,0,0,0,0,0,0,0,,,,,,,,,,,,,,,,,,,,,
C,24,465,453,442,430,419,407,395,384,372,360,349,337,326,314,302,291,279,267,256,244,233,221,209,198,186,174,163,151,140,128,116,105,93,81,70,58,47,35,23,12,0,0,0,0,0,0,0,0,0,0,0,0,0,0,0,0,0,0,0,0,0,0,0,0,0,0,0,0,0,0,0,0,0,0,0,0,0,0,0,0,,,,,,,,,,,,,,,,,,,,,
C,22,458,446,435,423,412,400,389,377,366,355,343,332,320,309,297,286,275,263,252,240,229,217,206,194,183,172,160,149,137,126,114,103,92,80,69,57,46,34,23,11,0,0,0,0,0,0,0,0,0,0,0,0,0,0,0,0,0,0,0,0,0,0,0,0,0,0,0,0,0,0,0,0,0,0,0,0,0,0,0,0,,,,,,,,,,,,,,,,,,,,,
C,20,450,439,428,416,405,394,383,371,360,349,338,326,315,304,293,281,270,259,248,236,225,214,203,191,180,169,158,146,135,124,113,101,90,79,68,56,45,34,23,11,0,0,0,0,0,0,0,0,0,0,0,0,0,0,0,0,0,0,0,0,0,0,0,0,0,0,0,0,0,0,0,0,0,0,0,0,0,0,0,0,,,,,,,,,,,,,,,,,,,,,
C,18,443,431,420,409,398,387,376,365,354,343,332,321,310,299,288,277,266,254,243,232,221,210,199,188,177,166,155,144,133,122,111,100,89,77,66,55,44,33,22,11,0,0,0,0,0,0,0,0,0,0,0,0,0,0,0,0,0,0,0,0,0,0,0,0,0,0,0,0,0,0,0,0,0,0,0,0,0,0,0,0,,,,,,,,,,,,,,,,,,,,,
C,16,435,424,413,402,392,381,370,359,348,337,326,315,305,294,283,272,261,250,239,228,218,207,196,185,174,163,152,141,131,120,109,98,87,76,65,54,44,33,22,11,0,0,0,0,0,0,0,0,0,0,0,0,0,0,0,0,0,0,0,0,0,0,0,0,0,0,0,0,0,0,0,0,0,0,0,0,0,0,0,0,,,,,,,,,,,,,,,,,,,,,
C,14,428,417,406,395,385,374,363,353,342,331,321,310,299,289,278,267,257,246,235,224,214,203,192,182,171,160,150,139,128,118,107,96,86,75,64,53,43,32,21,11,0,0,0,0,0,0,0,0,0,0,0,0,0,0,0,0,0,0,0,0,0,0,0,0,0,0,0,0,0,0,0,0,0,0,0,0,0,0,0,0,,,,,,,,,,,,,,,,,,,,,
C,12,420,410,399,389,378,368,357,347,336,326,315,305,294,284,273,263,252,242,231,221,210,200,189,179,168,158,147,137,126,116,105,95,84,74,63,53,42,32,21,11,0,0,0,0,0,0,0,0,0,0,0,0,0,0,0,0,0,0,0,0,0,0,0,0,0,0,0,0,0,0,0,0,0,0,0,0,0,0,0,0,,,,,,,,,,,,,,,,,,,,,
C,10,413,402,392,382,371,361,351,340,330,320,309,299,289,278,268,258,248,237,227,217,206,196,186,175,165,155,144,134,124,113,103,93,83,72,62,52,41,31,21,10,0,0,0,0,0,0,0,0,0,0,0,0,0,0,0,0,0,0,0,0,0,0,0,0,0,0,0,0,0,0,0,0,0,0,0,0,0,0,0,0,,,,,,,,,,,,,,,,,,,,,
C,8,405,395,385,375,365,354,344,334,324,314,304,294,284,273,263,253,243,233,223,213,203,192,182,172,162,152,142,132,122,111,101,91,81,71,61,51,41,30,20,10,0,0,0,0,0,0,0,0,0,0,0,0,0,0,0,0,0,0,0,0,0,0,0,0,0,0,0,0,0,0,0,0,0,0,0,0,0,0,0,0,,,,,,,,,,,,,,,,,,,,,
C,6,398,388,378,368,358,348,338,328,318,308,298,288,278,268,258,248,239,229,219,209,199,189,179,169,159,149,139,129,119,109,99,89,80,70,60,50,40,30,20,10,0,0,0,0,0,0,0,0,0,0,0,0,0,0,0,0,0,0,0,0,0,0,0,0,0,0,0,0,0,0,0,0,0,0,0,0,0,0,0,0,,,,,,,,,,,,,,,,,,,,,
C,4,390,380,371,361,351,341,332,322,312,302,293,283,273,263,254,244,234,224,215,205,195,185,176,166,156,146,137,127,117,107,98,88,78,68,59,49,39,29,20,10,0,0,0,0,0,0,0,0,0,0,0,0,0,0,0,0,0,0,0,0,0,0,0,0,0,0,0,0,0,0,0,0,0,0,0,0,0,0,0,0,,,,,,,,,,,,,,,,,,,,,
C,2,383,373,363,354,344,335,325,316,306,296,287,277,268,258,249,239,230,220,210,201,191,182,172,163,153,143,134,124,115,105,96,86,77,67,57,48,38,29,19,10,0,0,0,0,0,0,0,0,0,0,0,0,0,0,0,0,0,0,0,0,0,0,0,0,0,0,0,0,0,0,0,0,0,0,0,0,0,0,0,0,,,,,,,,,,,,,,,,,,,,,
C,0,375,366,356,347,338,328,319,309,300,291,281,272,263,253,244,234,225,216,206,197,188,178,169,159,150,141,131,122,113,103,94,84,75,66,56,47,38,28,19,9,0,0,0,0,0,0,0,0,0,0,0,0,0,0,0,0,0,0,0,0,0,0,0,0,0,0,0,0,0,0,0,0,0,0,0,0,0,0,0,0,,,,,,,,,,,,,,,,,,,,,
D,100,500,488,475,463,450,438,425,413,400,388,375,363,350,338,325,313,300,288,275,263,250,238,225,213,200,188,175,163,150,138,125,113,100,88,75,63,50,38,25,13,0,0,0,0,0,0,0,0,0,0,0,0,0,0,0,0,0,0,0,0,0,0,0,0,0,0,0,0,0,0,0,0,0,0,0,0,0,0,0,0,,,,,,,,,,,,,,,,,,,,,
D,98,495,483,470,458,446,433,421,408,396,384,371,359,347,334,322,309,297,285,272,260,248,235,223,210,198,186,173,161,149,136,124,111,99,87,74,62,50,37,25,12,0,0,0,0,0,0,0,0,0,0,0,0,0,0,0,0,0,0,0,0,0,0,0,0,0,0,0,0,0,0,0,0,0,0,0,0,0,0,0,0,,,,,,,,,,,,,,,,,,,,,
D,96,490,478,466,453,441,429,417,404,392,380,368,355,343,331,319,306,294,282,270,257,245,233,221,208,196,184,172,159,147,135,123,110,98,86,74,61,49,37,25,12,0,0,0,0,0,0,0,0,0,0,0,0,0,0,0,0,0,0,0,0,0,0,0,0,0,0,0,0,0,0,0,0,0,0,0,0,0,0,0,0,,,,,,,,,,,,,,,,,,,,,
D,94,485,473,461,449,437,424,412,400,388,376,364,352,340,327,315,303,291,279,267,255,243,230,218,206,194,182,170,158,146,133,121,109,97,85,73,61,49,36,24,12,0,0,0,0,0,0,0,0,0,0,0,0,0,0,0,0,0,0,0,0,0,0,0,0,0,0,0,0,0,0,0,0,0,0,0,0,0,0,0,0,,,,,,,,,,,,,,,,,,,,,
D,92,480,468,456,444,432,420,408,396,384,372,360,348,336,324,312,300,288,276,264,252,240,228,216,204,192,180,168,156,144,132,120,108,96,84,72,60,48,36,24,12,0,0,0,0,0,0,0,0,0,0,0,0,0,0,0,0,0,0,0,0,0,0,0,0,0,0,0,0,0,0,0,0,0,0,0,0,0,0,0,0,,,,,,,,,,,,,,,,,,,,,
D,90,475,463,451,439,428,416,404,392,380,368,356,344,333,321,309,297,285,273,261,249,238,226,214,202,190,178,166,154,143,131,119,107,95,83,71,59,48,36,24,12,0,0,0,0,0,0,0,0,0,0,0,0,0,0,0,0,0,0,0,0,0,0,0,0,0,0,0,0,0,0,0,0,0,0,0,0,0,0,0,0,,,,,,,,,,,,,,,,,,,,,
D,88,470,458,447,435,423,411,400,388,376,364,353,341,329,317,306,294,282,270,259,247,235,223,212,200,188,176,165,153,141,129,118,106,94,82,71,59,47,35,24,12,0,0,0,0,0,0,0,0,0,0,0,0,0,0,0,0,0,0,0,0,0,0,0,0,0,0,0,0,0,0,0,0,0,0,0,0,0,0,0,0,,,,,,,,,,,,,,,,,,,,,
D,86,465,453,442,430,419,407,395,384,372,360,349,337,326,314,302,291,279,267,256,244,233,221,209,198,186,174,163,151,140,128,116,105,93,81,70,58,47,35,23,12,0,0,0,0,0,0,0,0,0,0,0,0,0,0,0,0,0,0,0,0,0,0,0,0,0,0,0,0,0,0,0,0,0,0,0,0,0,0,0,0,,,,,,,,,,,,,,,,,,,,,
D,84,460,449,437,426,414,403,391,380,368,357,345,334,322,311,299,288,276,265,253,242,230,219,207,196,184,173,161,150,138,127,115,104,92,81,69,58,46,35,23,12,0,0,0,0,0,0,0,0,0,0,0,0,0,0,0,0,0,0,0,0,0,0,0,0,0,0,0,0,0,0,0,0,0,0,0,0,0,0,0,0,,,,,,,,,,,,,,,,,,,,,
D,82,455,444,432,421,410,398,387,375,364,353,341,330,319,307,296,284,273,262,250,239,228,216,205,193,182,171,159,148,137,125,114,102,91,80,68,57,46,34,23,11,0,0,0,0,0,0,0,0,0,0,0,0,0,0,0,0,0,0,0,0,0,0,0,0,0,0,0,0,0,0,0,0,0,0,0,0,0,0,0,0,,,,,,,,,,,,,,,,,,,,,
D,80,450,439,428,416,405,394,383,371,360,349,338,326,315,304,293,281,270,259,248,236,225,214,203,191,180,169,158,146,135,124,113,101,90,79,68,56,45,34,23,11,0,0,0,0,0,0,0,0,0,0,0,0,0,0,0,0,0,0,0,0,0,0,0,0,0,0,0,0,0,0,0,0,0,0,0,0,0,0,0,0,,,,,,,,,,,,,,,,,,,,,
D,78,445,434,423,412,401,389,378,367,356,345,334,323,312,300,289,278,267,256,245,234,223,211,200,189,178,167,156,145,134,122,111,100,89,78,67,56,45,33,22,11,0,0,0,0,0,0,0,0,0,0,0,0,0,0,0,0,0,0,0,0,0,0,0,0,0,0,0,0,0,0,0,0,0,0,0,0,0,0,0,0,,,,,,,,,,,,,,,,,,,,,
D,76,440,429,418,407,396,385,374,363,352,341,330,319,308,297,286,275,264,253,242,231,220,209,198,187,176,165,154,143,132,121,110,99,88,77,66,55,44,33,22,11,0,0,0,0,0,0,0,0,0,0,0,0,0,0,0,0,0,0,0,0,0,0,0,0,0,0,0,0,0,0,0,0,0,0,0,0,0,0,0,0,,,,,,,,,,,,,,,,,,,,,
D,74,435,424,413,402,392,381,370,359,348,337,326,315,305,294,283,272,261,250,239,228,218,207,196,185,174,163,152,141,131,120,109,98,87,76,65,54,44,33,22,11,0,0,0,0,0,0,0,0,0,0,0,0,0,0,0,0,0,0,0,0,0,0,0,0,0,0,0,0,0,0,0,0,0,0,0,0,0,0,0,0,,,,,,,,,,,,,,,,,,,,,
D,72,430,419,409,398,387,376,366,355,344,333,323,312,301,290,280,269,258,247,237,226,215,204,194,183,172,161,151,140,129,118,108,97,86,75,65,54,43,32,22,11,0,0,0,0,0,0,0,0,0,0,0,0,0,0,0,0,0,0,0,0,0,0,0,0,0,0,0,0,0,0,0,0,0,0,0,0,0,0,0,0,,,,,,,,,,,,,,,,,,,,,
D,70,425,414,404,393,383,372,361,351,340,329,319,308,298,287,276,266,255,244,234,223,213,202,191,181,170,159,149,138,128,117,106,96,85,74,64,53,43,32,21,11,0,0,0,0,0,0,0,0,0,0,0,0,0,0,0,0,0,0,0,0,0,0,0,0,0,0,0,0,0,0,0,0,0,0,0,0,0,0,0,0,,,,,,,,,,,,,,,,,,,,,
D,68,420,410,399,389,378,368,357,347,336,326,315,305,294,284,273,263,252,242,231,221,210,200,189,179,168,158,147,137,126,116,105,95,84,74,63,53,42,32,21,11,0,0,0,0,0,0,0,0,0,0,0,0,0,0,0,0,0,0,0,0,0,0,0,0,0,0,0,0,0,0,0,0,0,0,0,0,0,0,0,0,,,,,,,,,,,,,,,,,,,,,
D,66,415,405,394,384,374,363,353,342,332,322,311,301,291,280,270,259,249,239,228,218,208,197,187,176,166,156,145,135,125,114,104,93,83,73,62,52,42,31,21,10,0,0,0,0,0,0,0,0,0,0,0,0,0,0,0,0,0,0,0,0,0,0,0,0,0,0,0,0,0,0,0,0,0,0,0,0,0,0,0,0,,,,,,,,,,,,,,,,,,,,,
D,64,410,400,390,379,369,359,349,338,328,318,308,297,287,277,267,256,246,236,226,215,205,195,185,174,164,154,144,133,123,113,103,92,82,72,62,51,41,31,21,10,0,0,0,0,0,0,0,0,0,0,0,0,0,0,0,0,0,0,0,0,0,0,0,0,0,0,0,0,0,0,0,0,0,0,0,0,0,0,0,0,,,,,,,,,,,,,,,,,,,,,
D,62,405,395,385,375,365,354,344,334,324,314,304,294,284,273,263,253,243,233,223,213,203,192,182,172,162,152,142,132,122,111,101,91,81,71,61,51,41,30,20,10,0,0,0,0,0,0,0,0,0,0,0,0,0,0,0,0,0,0,0,0,0,0,0,0,0,0,0,0,0,0,0,0,0,0,0,0,0,0,0,0,,,,,,,,,,,,,,,,,,,,,
D,60,400,390,380,370,360,350,340,330,320,310,300,290,280,270,260,250,240,230,220,210,200,190,180,170,160,150,140,130,120,110,100,90,80,70,60,50,40,30,20,10,0,0,0,0,0,0,0,0,0,0,0,0,0,0,0,0,0,0,0,0,0,0,0,0,0,0,0,0,0,0,0,0,0,0,0,0,0,0,0,0,,,,,,,,,,,,,,,,,,,,,
D,58,395,385,375,365,356,346,336,326,316,306,296,286,277,267,257,247,237,227,217,207,198,188,178,168,158,148,138,128,119,109,99,89,79,69,59,49,40,30,20,10,0,0,0,0,0,0,0,0,0,0,0,0,0,0,0,0,0,0,0,0,0,0,0,0,0,0,0,0,0,0,0,0,0,0,0,0,0,0,0,0,,,,,,,,,,,,,,,,,,,,,
D,56,390,380,371,361,351,341,332,322,312,302,293,283,273,263,254,244,234,224,215,205,195,185,176,166,156,146,137,127,117,107,98,88,78,68,59,49,39,29,20,10,0,0,0,0,0,0,0,0,0,0,0,0,0,0,0,0,0,0,0,0,0,0,0,0,0,0,0,0,0,0,0,0,0,0,0,0,0,0,0,0,,,,,,,,,,,,,,,,,,,,,
D,54,385,375,366,356,347,337,327,318,308,298,289,279,270,260,250,241,231,221,212,202,193,183,173,164,154,144,135,125,116,106,96,87,77,67,58,48,39,29,19,10,0,0,0,0,0,0,0,0,0,0,0,0,0,0,0,0,0,0,0,0,0,0,0,0,0,0,0,0,0,0,0,0,0,0,0,0,0,0,0,0,,,,,,,,,,,,,,,,,,,,,
D,52,380,371,361,352,342,333,323,314,304,295,285,276,266,257,247,238,228,219,209,200,190,181,171,162,152,143,133,124,114,105,95,86,76,67,57,48,38,29,19,10,0,0,0,0,0,0,0,0,0,0,0,0,0,0,0,0,0,0,0,0,0,0,0,0,0,0,0,0,0,0,0,0,0,0,0,0,0,0,0,0,,,,,,,,,,,,,,,,,,,,,
D,50,375,366,356,347,338,328,319,309,300,291,281,272,263,253,244,234,225,216,206,197,188,178,169,159,150,141,131,122,113,103,94,84,75,66,56,47,38,28,19,9,0,0,0,0,0,0,0,0,0,0,0,0,0,0,0,0,0,0,0,0,0,0,0,0,0,0,0,0,0,0,0,0,0,0,0,0,0,0,0,0,,,,,,,,,,,,,,,,,,,,,
D,48,370,361,352,342,333,324,315,305,296,287,278,268,259,250,241,231,222,213,204,194,185,176,167,157,148,139,130,120,111,102,93,83,74,65,56,46,37,28,19,9,0,0,0,0,0,0,0,0,0,0,0,0,0,0,0,0,0,0,0,0,0,0,0,0,0,0,0,0,0,0,0,0,0,0,0,0,0,0,0,0,,,,,,,,,,,,,,,,,,,,,
D,46,365,356,347,338,329,319,310,301,292,283,274,265,256,246,237,228,219,210,201,192,183,173,164,155,146,137,128,119,110,100,91,82,73,64,55,46,37,27,18,9,0,0,0,0,0,0,0,0,0,0,0,0,0,0,0,0,0,0,0,0,0,0,0,0,0,0,0,0,0,0,0,0,0,0,0,0,0,0,0,0,,,,,,,,,,,,,,,,,,,,,
D,44,360,351,342,333,324,315,306,297,288,279,270,261,252,243,234,225,216,207,198,189,180,171,162,153,144,135,126,117,108,99,90,81,72,63,54,45,36,27,18,9,0,0,0,0,0,0,0,0,0,0,0,0,0,0,0,0,0,0,0,0,0,0,0,0,0,0,0,0,0,0,0,0,0,0,0,0,0,0,0,0,,,,,,,,,,,,,,,,,,,,,
D,42,355,346,337,328,320,311,302,293,284,275,266,257,249,240,231,222,213,204,195,186,178,169,160,151,142,133,124,115,107,98,89,80,71,62,53,44,36,27,18,9,0,0,0,0,0,0,0,0,0,0,0,0,0,0,0,0,0,0,0,0,0,0,0,0,0,0,0,0,0,0,0,0,0,0,0,0,0,0,0,0,,,,,,,,,,,,,,,,,,,,,
D,40,350,341,333,324,315,306,298,289,280,271,263,254,245,236,228,219,210,201,193,184,175,166,158,149,140,131,123,114,105,96,88,79,70,61,53,44,35,26,18,9,0,0,0,0,0,0,0,0,0,0,0,0,0,0,0,0,0,0,0,0,0,0,0,0,0,0,0,0,0,0,0,0,0,0,0,0,0,0,0,0,,,,,,,,,,,,,,,,,,,,,
D,38,345,336,328,319,311,302,293,285,276,267,259,250,242,233,224,216,207,198,190,181,173,164,155,147,138,129,121,112,104,95,86,78,69,60,52,43,35,26,17,9,0,0,0,0,0,0,0,0,0,0,0,0,0,0,0,0,0,0,0,0,0,0,0,0,0,0,0,0,0,0,0,0,0,0,0,0,0,0,0,0,,,,,,,,,,,,,,,,,,,,,
D,36,340,332,323,315,306,298,289,281,272,264,255,247,238,230,221,213,204,196,187,179,170,162,153,145,136,128,119,111,102,94,85,77,68,60,51,43,34,26,17,9,0,0,0,0,0,0,0,0,0,0,0,0,0,0,0,0,0,0,0,0,0,0,0,0,0,0,0,0,0,0,0,0,0,0,0,0,0,0,0,0,,,,,,,,,,,,,,,,,,,,,
D,34,335,327,318,310,302,293,285,276,268,260,251,243,235,226,218,209,201,193,184,176,168,159,151,142,134,126,117,109,101,92,84,75,67,59,50,42,34,25,17,8,0,0,0,0,0,0,0,0,0,0,0,0,0,0,0,0,0,0,0,0,0,0,0,0,0,0,0,0,0,0,0,0,0,0,0,0,0,0,0,0,,,,,,,,,,,,,,,,,,,,,
D,32,330,322,314,305,297,289,281,272,264,256,248,239,231,223,215,206,198,190,182,173,165,157,149,140,132,124,116,107,99,91,83,74,66,58,50,41,33,25,17,8,0,0,0,0,0,0,0,0,0,0,0,0,0,0,0,0,0,0,0,0,0,0,0,0,0,0,0,0,0,0,0,0,0,0,0,0,0,0,0,0,,,,,,,,,,,,,,,,,,,,,
D,30,325,317,309,301,293,284,276,268,260,252,244,236,228,219,211,203,195,187,179,171,163,154,146,138,130,122,114,106,98,89,81,73,65,57,49,41,33,24,16,8,0,0,0,0,0,0,0,0,0,0,0,0,0,0,0,0,0,0,0,0,0,0,0,0,0,0,0,0,0,0,0,0,0,0,0,0,0,0,0,0,,,,,,,,,,,,,,,,,,,,,
D,28,320,312,304,296,288,280,272,264,256,248,240,232,224,216,208,200,192,184,176,168,160,152,144,136,128,120,112,104,96,88,80,72,64,56,48,40,32,24,16,8,0,0,0,0,0,0,0,0,0,0,0,0,0,0,0,0,0,0,0,0,0,0,0,0,0,0,0,0,0,0,0,0,0,0,0,0,0,0,0,0,,,,,,,,,,,,,,,,,,,,,
D,26,315,307,299,291,284,276,268,260,252,244,236,228,221,213,205,197,189,181,173,165,158,150,142,134,126,118,110,102,95,87,79,71,63,55,47,39,32,24,16,8,0,0,0,0,0,0,0,0,0,0,0,0,0,0,0,0,0,0,0,0,0,0,0,0,0,0,0,0,0,0,0,0,0,0,0,0,0,0,0,0,,,,,,,,,,,,,,,,,,,,,
D,24,310,302,295,287,279,271,264,256,248,240,233,225,217,209,202,194,186,178,171,163,155,147,140,132,124,116,109,101,93,85,78,70,62,54,47,39,31,23,16,8,0,0,0,0,0,0,0,0,0,0,0,0,0,0,0,0,0,0,0,0,0,0,0,0,0,0,0,0,0,0,0,0,0,0,0,0,0,0,0,0,,,,,,,,,,,,,,,,,,,,,
D,22,305,297,290,282,275,267,259,252,244,236,229,221,214,206,198,191,183,175,168,160,153,145,137,130,122,114,107,99,92,84,76,69,61,53,46,38,31,23,15,8,0,0,0,0,0,0,0,0,0,0,0,0,0,0,0,0,0,0,0,0,0,0,0,0,0,0,0,0,0,0,0,0,0,0,0,0,0,0,0,0,,,,,,,,,,,,,,,,,,,,,
D,20,300,293,285,278,270,263,255,248,240,233,225,218,210,203,195,188,180,173,165,158,150,143,135,128,120,113,105,98,90,83,75,68,60,53,45,38,30,23,15,8,0,0,0,0,0,0,0,0,0,0,0,0,0,0,0,0,0,0,0,0,0,0,0,0,0,0,0,0,0,0,0,0,0,0,0,0,0,0,0,0,,,,,,,,,,,,,,,,,,,,,
D,18,295,288,280,273,266,258,251,243,236,229,221,214,207,199,192,184,177,170,162,155,148,140,133,125,118,111,103,96,89,81,74,66,59,52,44,37,30,22,15,7,0,0,0,0,0,0,0,0,0,0,0,0,0,0,0,0,0,0,0,0,0,0,0,0,0,0,0,0,0,0,0,0,0,0,0,0,0,0,0,0,,,,,,,,,,,,,,,,,,,,,
D,16,290,283,276,268,261,254,247,239,232,225,218,210,203,196,189,181,174,167,160,152,145,138,131,123,116,109,102,94,87,80,73,65,58,51,44,36,29,22,15,7,0,0,0,0,0,0,0,0,0,0,0,0,0,0,0,0,0,0,0,0,0,0,0,0,0,0,0,0,0,0,0,0,0,0,0,0,0,0,0,0,,,,,,,,,,,,,,,,,,,,,
D,14,285,278,271,264,257,249,242,235,228,221,214,207,200,192,185,178,171,164,157,150,143,135,128,121,114,107,100,93,86,78,71,64,57,50,43,36,29,21,14,7,0,0,0,0,0,0,0,0,0,0,0,0,0,0,0,0,0,0,0,0,0,0,0,0,0,0,0,0,0,0,0,0,0,0,0,0,0,0,0,0,,,,,,,,,,,,,,,,,,,,,
D,12,280,273,266,259,252,245,238,231,224,217,210,203,196,189,182,175,168,161,154,147,140,133,126,119,112,105,98,91,84,77,70,63,56,49,42,35,28,21,14,7,0,0,0,0,0,0,0,0,0,0,0,0,0,0,0,0,0,0,0,0,0,0,0,0,0,0,0,0,0,0,0,0,0,0,0,0,0,0,0,0,,,,,,,,,,,,,,,,,,,,,
D,10,275,268,261,254,248,241,234,227,220,213,206,199,193,186,179,172,165,158,151,144,138,131,124,117,110,103,96,89,83,76,69,62,55,48,41,34,28,21,14,7,0,0,0,0,0,0,0,0,0,0,0,0,0,0,0,0,0,0,0,0,0,0,0,0,0,0,0,0,0,0,0,0,0,0,0,0,0,0,0,0,,,,,,,,,,,,,,,,,,,,,
D,8,270,263,257,250,243,236,230,223,216,209,203,196,189,182,176,169,162,155,149,142,135,128,122,115,108,101,95,88,81,74,68,61,54,47,41,34,27,20,14,7,0,0,0,0,0,0,0,0,0,0,0,0,0,0,0,0,0,0,0,0,0,0,0,0,0,0,0,0,0,0,0,0,0,0,0,0,0,0,0,0,,,,,,,,,,,,,,,,,,,,,
D,6,265,258,252,245,239,232,225,219,212,205,199,192,186,179,172,166,159,152,146,139,133,126,119,113,106,99,93,86,80,73,66,60,53,46,40,33,27,20,13,7,0,0,0,0,0,0,0,0,0,0,0,0,0,0,0,0,0,0,0,0,0,0,0,0,0,0,0,0,0,0,0,0,0,0,0,0,0,0,0,0,,,,,,,,,,,,,,,,,,,,,
D,4,260,254,247,241,234,228,221,215,208,202,195,189,182,176,169,163,156,150,143,137,130,124,117,111,104,98,91,85,78,72,65,59,52,46,39,33,26,20,13,7,0,0,0,0,0,0,0,0,0,0,0,0,0,0,0,0,0,0,0,0,0,0,0,0,0,0,0,0,0,0,0,0,0,0,0,0,0,0,0,0,,,,,,,,,,,,,,,,,,,,,
D,2,255,249,242,236,230,223,217,210,204,198,191,185,179,172,166,159,153,147,140,134,128,121,115,108,102,96,89,83,77,70,64,57,51,45,38,32,26,19,13,6,0,0,0,0,0,0,0,0,0,0,0,0,0,0,0,0,0,0,0,0,0,0,0,0,0,0,0,0,0,0,0,0,0,0,0,0,0,0,0,0,,,,,,,,,,,,,,,,,,,,,
D,0,250,244,238,231,225,219,213,206,200,194,188,181,175,169,163,156,150,144,138,131,125,119,113,106,100,94,88,81,75,69,63,56,50,44,38,31,25,19,13,6,0,0,0,0,0,0,0,0,0,0,0,0,0,0,0,0,0,0,0,0,0,0,0,0,0,0,0,0,0,0,0,0,0,0,0,0,0,0,0,0,,,,,,,,,,,,,,,,,,,,,
E,100,250,244,238,231,225,219,213,206,200,194,188,181,175,169,163,156,150,144,138,131,125,119,113,106,100,94,88,81,75,69,63,56,50,44,38,31,25,19,13,6,0,0,0,0,0,0,0,0,0,0,,,,,,,,,,,,,,,,,,,,,,,,,,,,,,,,,,,,,,,,,,,,,,,,,,,
E,98,248,241,235,229,223,217,210,204,198,192,186,179,173,167,161,155,149,142,136,130,124,118,111,105,99,93,87,80,74,68,62,56,50,43,37,31,25,19,12,6,0,0,0,0,0,0,0,0,0,0,,,,,,,,,,,,,,,,,,,,,,,,,,,,,,,,,,,,,,,,,,,,,,,,,,,
E,96,245,239,233,227,221,214,208,202,196,190,184,178,172,165,159,153,147,141,135,129,123,116,110,104,98,92,86,80,74,67,61,55,49,43,37,31,25,18,12,6,0,0,0,0,0,0,0,0,0,0,,,,,,,,,,,,,,,,,,,,,,,,,,,,,,,,,,,,,,,,,,,,,,,,,,,
E,94,243,236,230,224,218,212,206,200,194,188,182,176,170,164,158,152,146,139,133,127,121,115,109,103,97,91,85,79,73,67,61,55,49,42,36,30,24,18,12,6,0,0,0,0,0,0,0,0,0,0,,,,,,,,,,,,,,,,,,,,,,,,,,,,,,,,,,,,,,,,,,,,,,,,,,,
E,92,240,234,228,222,216,210,204,198,192,186,180,174,168,162,156,150,144,138,132,126,120,114,108,102,96,90,84,78,72,66,60,54,48,42,36,30,24,18,12,6,0,0,0,0,0,0,0,0,0,0,,,,,,,,,,,,,,,,,,,,,,,,,,,,,,,,,,,,,,,,,,,,,,,,,,,
E,90,238,232,226,220,214,208,202,196,190,184,178,172,166,160,154,148,143,137,131,125,119,113,107,101,95,89,83,77,71,65,59,53,48,42,36,30,24,18,12,6,0,0,0,0,0,0,0,0,0,0,,,,,,,,,,,,,,,,,,,,,,,,,,,,,,,,,,,,,,,,,,,,,,,,,,,
E,88,235,229,223,217,212,206,200,194,188,182,176,170,165,159,153,147,141,135,129,123,118,112,106,100,94,88,82,76,71,65,59,53,47,41,35,29,24,18,12,6,0,0,0,0,0,0,0,0,0,0,,,,,,,,,,,,,,,,,,,,,,,,,,,,,,,,,,,,,,,,,,,,,,,,,,,
E,86,233,227,221,215,209,203,198,192,186,180,174,169,163,157,151,145,140,134,128,122,116,110,105,99,93,87,81,76,70,64,58,52,47,41,35,29,23,17,12,6,0,0,0,0,0,0,0,0,0,0,,,,,,,,,,,,,,,,,,,,,,,,,,,,,,,,,,,,,,,,,,,,,,,,,,,
E,84,230,224,219,213,207,201,196,190,184,178,173,167,161,155,150,144,138,132,127,121,115,109,104,98,92,86,81,75,69,63,58,52,46,40,35,29,23,17,12,6,0,0,0,0,0,0,0,0,0,0,,,,,,,,,,,,,,,,,,,,,,,,,,,,,,,,,,,,,,,,,,,,,,,,,,,
E,82,228,222,216,210,205,199,193,188,182,176,171,165,159,154,148,142,137,131,125,119,114,108,102,97,91,85,80,74,68,63,57,51,46,40,34,28,23,17,11,6,0,0,0,0,0,0,0,0,0,0,,,,,,,,,,,,,,,,,,,,,,,,,,,,,,,,,,,,,,,,,,,,,,,,,,,
E,80,225,219,214,208,203,197,191,186,180,174,169,163,158,152,146,141,135,129,124,118,113,107,101,96,90,84,79,73,68,62,56,51,45,39,34,28,23,17,11,6,0,0,0,0,0,0,0,0,0,0,,,,,,,,,,,,,,,,,,,,,,,,,,,,,,,,,,,,,,,,,,,,,,,,,,,
E,78,223,217,211,206,200,195,189,184,178,172,167,161,156,150,145,139,134,128,122,117,111,106,100,95,89,83,78,72,67,61,56,50,45,39,33,28,22,17,11,6,0,0,0,0,0,0,0,0,0,0,,,,,,,,,,,,,,,,,,,,,,,,,,,,,,,,,,,,,,,,,,,,,,,,,,,
E,76,220,215,209,204,198,193,187,182,176,171,165,160,154,149,143,138,132,127,121,116,110,105,99,94,88,83,77,72,66,61,55,50,44,39,33,28,22,17,11,6,0,0,0,0,0,0,0,0,0,0,,,,,,,,,,,,,,,,,,,,,,,,,,,,,,,,,,,,,,,,,,,,,,,,,,,
E,74,218,212,207,201,196,190,185,179,174,169,163,158,152,147,141,136,131,125,120,114,109,103,98,92,87,82,76,71,65,60,54,49,44,38,33,27,22,16,11,5,0,0,0,0,0,0,0,0,0,0,,,,,,,,,,,,,,,,,,,,,,,,,,,,,,,,,,,,,,,,,,,,,,,,,,,
E,72,215,210,204,199,194,188,183,177,172,167,161,156,151,145,140,134,129,124,118,113,108,102,97,91,86,81,75,70,65,59,54,48,43,38,32,27,22,16,11,5,0,0,0,0,0,0,0,0,0,0,,,,,,,,,,,,,,,,,,,,,,,,,,,,,,,,,,,,,,,,,,,,,,,,,,,
E,70,213,207,202,197,191,186,181,175,170,165,159,154,149,143,138,133,128,122,117,112,106,101,96,90,85,80,74,69,64,58,53,48,43,37,32,27,21,16,11,5,0,0,0,0,0,0,0,0,0,0,,,,,,,,,,,,,,,,,,,,,,,,,,,,,,,,,,,,,,,,,,,,,,,,,,,
E,68,210,205,200,194,189,184,179,173,168,163,158,152,147,142,137,131,126,121,116,110,105,100,95,89,84,79,74,68,63,58,53,47,42,37,32,26,21,16,11,5,0,0,0,0,0,0,0,0,0,0,,,,,,,,,,,,,,,,,,,,,,,,,,,,,,,,,,,,,,,,,,,,,,,,,,,
E,66,208,202,197,192,187,182,176,171,166,161,156,150,145,140,135,130,125,119,114,109,104,99,93,88,83,78,73,67,62,57,52,47,42,36,31,26,21,16,10,5,0,0,0,0,0,0,0,0,0,0,,,,,,,,,,,,,,,,,,,,,,,,,,,,,,,,,,,,,,,,,,,,,,,,,,,
E,64,205,200,195,190,185,179,174,169,164,159,154,149,144,138,133,128,123,118,113,108,103,97,92,87,82,77,72,67,62,56,51,46,41,36,31,26,21,15,10,5,0,0,0,0,0,0,0,0,0,0,,,,,,,,,,,,,,,,,,,,,,,,,,,,,,,,,,,,,,,,,,,,,,,,,,,
E,62,203,197,192,187,182,177,172,167,162,157,152,147,142,137,132,127,122,116,111,106,101,96,91,86,81,76,71,66,61,56,51,46,41,35,30,25,20,15,10,5,0,0,0,0,0,0,0,0,0,0,,,,,,,,,,,,,,,,,,,,,,,,,,,,,,,,,,,,,,,,,,,,,,,,,,,
E,60,200,195,190,185,180,175,170,165,160,155,150,145,140,135,130,125,120,115,110,105,100,95,90,85,80,75,70,65,60,55,50,45,40,35,30,25,20,15,10,5,0,0,0,0,0,0,0,0,0,0,,,,,,,,,,,,,,,,,,,,,,,,,,,,,,,,,,,,,,,,,,,,,,,,,,,
E,58,198,193,188,183,178,173,168,163,158,153,148,143,138,133,128,123,119,114,109,104,99,94,89,84,79,74,69,64,59,54,49,44,40,35,30,25,20,15,10,5,0,0,0,0,0,0,0,0,0,0,,,,,,,,,,,,,,,,,,,,,,,,,,,,,,,,,,,,,,,,,,,,,,,,,,,
E,56,195,190,185,180,176,171,166,161,156,151,146,141,137,132,127,122,117,112,107,102,98,93,88,83,78,73,68,63,59,54,49,44,39,34,29,24,20,15,10,5,0,0,0,0,0,0,0,0,0,0,,,,,,,,,,,,,,,,,,,,,,,,,,,,,,,,,,,,,,,,,,,,,,,,,,,
E,54,193,188,183,178,173,168,164,159,154,149,144,140,135,130,125,120,116,111,106,101,96,91,87,82,77,72,67,63,58,53,48,43,39,34,29,24,19,14,10,5,0,0,0,0,0,0,0,0,0,0,,,,,,,,,,,,,,,,,,,,,,,,,,,,,,,,,,,,,,,,,,,,,,,,,,,
E,52,190,185,181,176,171,166,162,157,152,147,143,138,133,128,124,119,114,109,105,100,95,90,86,81,76,71,67,62,57,52,48,43,38,33,29,24,19,14,10,5,0,0,0,0,0,0,0,0,0,0,,,,,,,,,,,,,,,,,,,,,,,,,,,,,,,,,,,,,,,,,,,,,,,,,,,
E,50,188,183,178,173,169,164,159,155,150,145,141,136,131,127,122,117,113,108,103,98,94,89,84,80,75,70,66,61,56,52,47,42,38,33,28,23,19,14,9,5,0,0,0,0,0,0,0,0,0,0,,,,,,,,,,,,,,,,,,,,,,,,,,,,,,,,,,,,,,,,,,,,,,,,,,,
E,48,185,180,176,171,167,162,157,153,148,143,139,134,130,125,120,116,111,106,102,97,93,88,83,79,74,69,65,60,56,51,46,42,37,32,28,23,19,14,9,5,0,0,0,0,0,0,0,0,0,0,,,,,,,,,,,,,,,,,,,,,,,,,,,,,,,,,,,,,,,,,,,,,,,,,,,
E,46,183,178,173,169,164,160,155,151,146,141,137,132,128,123,119,114,110,105,100,96,91,87,82,78,73,68,64,59,55,50,46,41,37,32,27,23,18,14,9,5,0,0,0,0,0,0,0,0,0,0,,,,,,,,,,,,,,,,,,,,,,,,,,,,,,,,,,,,,,,,,,,,,,,,,,,
E,44,180,176,171,167,162,158,153,149,144,140,135,131,126,122,117,113,108,104,99,95,90,86,81,77,72,68,63,59,54,50,45,41,36,32,27,23,18,14,9,5,0,0,0,0,0,0,0,0,0,0,,,,,,,,,,,,,,,,,,,,,,,,,,,,,,,,,,,,,,,,,,,,,,,,,,,
E,42,178,173,169,164,160,155,151,146,142,138,133,129,124,120,115,111,107,102,98,93,89,84,80,75,71,67,62,58,53,49,44,40,36,31,27,22,18,13,9,4,0,0,0,0,0,0,0,0,0,0,,,,,,,,,,,,,,,,,,,,,,,,,,,,,,,,,,,,,,,,,,,,,,,,,,,
E,40,175,171,166,162,158,153,149,144,140,136,131,127,123,118,114,109,105,101,96,92,88,83,79,74,70,66,61,57,53,48,44,39,35,31,26,22,18,13,9,4,0,0,0,0,0,0,0,0,0,0,,,,,,,,,,,,,,,,,,,,,,,,,,,,,,,,,,,,,,,,,,,,,,,,,,,
E,38,173,168,164,160,155,151,147,142,138,134,129,125,121,116,112,108,104,99,95,91,86,82,78,73,69,65,60,56,52,47,43,39,35,30,26,22,17,13,9,4,0,0,0,0,0,0,0,0,0,0,,,,,,,,,,,,,,,,,,,,,,,,,,,,,,,,,,,,,,,,,,,,,,,,,,,
E,36,170,166,162,157,153,149,145,140,136,132,128,123,119,115,111,106,102,98,94,89,85,81,77,72,68,64,60,55,51,47,43,38,34,30,26,21,17,13,9,4,0,0,0,0,0,0,0,0,0,0,,,,,,,,,,,,,,,,,,,,,,,,,,,,,,,,,,,,,,,,,,,,,,,,,,,
E,34,168,163,159,155,151,147,142,138,134,130,126,121,117,113,109,105,101,96,92,88,84,80,75,71,67,63,59,54,50,46,42,38,34,29,25,21,17,13,8,4,0,0,0,0,0,0,0,0,0,0,,,,,,,,,,,,,,,,,,,,,,,,,,,,,,,,,,,,,,,,,,,,,,,,,,,
E,32,165,161,157,153,149,144,140,136,132,128,124,120,116,111,107,103,99,95,91,87,83,78,74,70,66,62,58,54,50,45,41,37,33,29,25,21,17,12,8,4,0,0,0,0,0,0,0,0,0,0,,,,,,,,,,,,,,,,,,,,,,,,,,,,,,,,,,,,,,,,,,,,,,,,,,,
E,30,163,158,154,150,146,142,138,134,130,126,122,118,114,110,106,102,98,93,89,85,81,77,73,69,65,61,57,53,49,45,41,37,33,28,24,20,16,12,8,4,0,0,0,0,0,0,0,0,0,0,,,,,,,,,,,,,,,,,,,,,,,,,,,,,,,,,,,,,,,,,,,,,,,,,,,
E,28,160,156,152,148,144,140,136,132,128,124,120,116,112,108,104,100,96,92,88,84,80,76,72,68,64,60,56,52,48,44,40,36,32,28,24,20,16,12,8,4,0,0,0,0,0,0,0,0,0,0,,,,,,,,,,,,,,,,,,,,,,,,,,,,,,,,,,,,,,,,,,,,,,,,,,,
E,26,158,154,150,146,142,138,134,130,126,122,118,114,110,106,102,98,95,91,87,83,79,75,71,67,63,59,55,51,47,43,39,35,32,28,24,20,16,12,8,4,0,0,0,0,0,0,0,0,0,0,,,,,,,,,,,,,,,,,,,,,,,,,,,,,,,,,,,,,,,,,,,,,,,,,,,
E,24,155,151,147,143,140,136,132,128,124,120,116,112,109,105,101,97,93,89,85,81,78,74,70,66,62,58,54,50,47,43,39,35,31,27,23,19,16,12,8,4,0,0,0,0,0,0,0,0,0,0,,,,,,,,,,,,,,,,,,,,,,,,,,,,,,,,,,,,,,,,,,,,,,,,,,,
E,22,153,149,145,141,137,133,130,126,122,118,114,111,107,103,99,95,92,88,84,80,76,72,69,65,61,57,53,50,46,42,38,34,31,27,23,19,15,11,8,4,0,0,0,0,0,0,0,0,0,0,,,,,,,,,,,,,,,,,,,,,,,,,,,,,,,,,,,,,,,,,,,,,,,,,,,
E,20,150,146,143,139,135,131,128,124,120,116,113,109,105,101,98,94,90,86,83,79,75,71,68,64,60,56,53,49,45,41,38,34,30,26,23,19,15,11,8,4,0,0,0,0,0,0,0,0,0,0,,,,,,,,,,,,,,,,,,,,,,,,,,,,,,,,,,,,,,,,,,,,,,,,,,,
E,18,148,144,140,136,133,129,125,122,118,114,111,107,103,100,96,92,89,85,81,77,74,70,66,63,59,55,52,48,44,41,37,33,30,26,22,18,15,11,7,4,0,0,0,0,0,0,0,0,0,0,,,,,,,,,,,,,,,,,,,,,,,,,,,,,,,,,,,,,,,,,,,,,,,,,,,
E,16,145,141,138,134,131,127,123,120,116,112,109,105,102,98,94,91,87,83,80,76,73,69,65,62,58,54,51,47,44,40,36,33,29,25,22,18,15,11,7,4,0,0,0,0,0,0,0,0,0,0,,,,,,,,,,,,,,,,,,,,,,,,,,,,,,,,,,,,,,,,,,,,,,,,,,,
E,14,143,139,135,132,128,125,121,118,114,110,107,103,100,96,93,89,86,82,78,75,71,68,64,61,57,53,50,46,43,39,36,32,29,25,21,18,14,11,7,4,0,0,0,0,0,0,0,0,0,0,,,,,,,,,,,,,,,,,,,,,,,,,,,,,,,,,,,,,,,,,,,,,,,,,,,
E,12,140,137,133,130,126,123,119,116,112,109,105,102,98,95,91,88,84,81,77,74,70,67,63,60,56,53,49,46,42,39,35,32,28,25,21,18,14,11,7,4,0,0,0,0,0,0,0,0,0,0,,,,,,,,,,,,,,,,,,,,,,,,,,,,,,,,,,,,,,,,,,,,,,,,,,,
E,10,138,134,131,127,124,120,117,113,110,107,103,100,96,93,89,86,83,79,76,72,69,65,62,58,55,52,48,45,41,38,34,31,28,24,21,17,14,10,7,3,0,0,0,0,0,0,0,0,0,0,,,,,,,,,,,,,,,,,,,,,,,,,,,,,,,,,,,,,,,,,,,,,,,,,,,
E,8,135,132,128,125,122,118,115,111,108,105,101,98,95,91,88,84,81,78,74,71,68,64,61,57,54,51,47,44,41,37,34,30,27,24,20,17,14,10,7,3,0,0,0,0,0,0,0,0,0,0,,,,,,,,,,,,,,,,,,,,,,,,,,,,,,,,,,,,,,,,,,,,,,,,,,,
E,6,133,129,126,123,119,116,113,109,106,103,99,96,93,89,86,83,80,76,73,70,66,63,60,56,53,50,46,43,40,36,33,30,27,23,20,17,13,10,7,3,0,0,0,0,0,0,0,0,0,0,,,,,,,,,,,,,,,,,,,,,,,,,,,,,,,,,,,,,,,,,,,,,,,,,,,
E,4,130,127,124,120,117,114,111,107,104,101,98,94,91,88,85,81,78,75,72,68,65,62,59,55,52,49,46,42,39,36,33,29,26,23,20,16,13,10,7,3,0,0,0,0,0,0,0,0,0,0,,,,,,,,,,,,,,,,,,,,,,,,,,,,,,,,,,,,,,,,,,,,,,,,,,,
E,2,128,124,121,118,115,112,108,105,102,99,96,92,89,86,83,80,77,73,70,67,64,61,57,54,51,48,45,41,38,35,32,29,26,22,19,16,13,10,6,3,0,0,0,0,0,0,0,0,0,0,,,,,,,,,,,,,,,,,,,,,,,,,,,,,,,,,,,,,,,,,,,,,,,,,,,
E,0,125,122,119,116,113,109,106,103,100,97,94,91,88,84,81,78,75,72,69,66,63,59,56,53,50,47,44,41,38,34,31,28,25,22,19,16,13,9,6,3,0,0,0,0,0,0,0,0,0,0,,,,,,,,,,,,,,,,,,,,,,,,,,,,,,,,,,,,,,,,,,,,,,,,,,,